JAAR,GEMEENTE,PROVINCIE,howmuch,temp,district
1871,Amsterdam,Noord-Holland,1,1850,Amsterdam
1871,Delfzijl,Groningen,1,1850,Appingedam
1871,Den Haag,Zuid-Holland,2,1850,Den Haag
1871,Harlingen,Friesland,1,1850,Leeuwarden
1871,Heerenveen,Friesland,1,1850,NA
1871,Hoorn,Noord-Holland,1,1850,Hoorn
1871,Loppersum,Groningen,1,1850,Appingedam
1871,Rotterdam,Zuid-Holland,1,1850,Rotterdam
1871,Vlaardingen,Zuid-Holland,2,1850,Delft
1871,Weststellingwerd,Friesland,1,1850,NA
1872,Almelo,Overijssel,1,1850,Almelo
1872,Amsterdam,Noord-Holland,5,1850,Amsterdam
1872,Arnhem,Gelderland,1,1850,Arnhem
1872,Borne,Overijssel,1,1850,Almelo
1872,Delfshaven,Zuid-Holland,1,1850,Delft
1872,Den Haag,Zuid-Holland,2,1850,Den Haag
1872,Dordrecht,Zuid-Holland,1,1850,Dordrecht
1872,Enschede,Overijssel,2,1850,Almelo
1872,Gramsbergen,Overijssel,1,1850,Almelo
1872,Heerenveen,Friesland,1,1850,NA
1872,Hellendoorn,Overijssel,1,1850,Zwolle
1872,Leeuwarden,Friesland,1,1850,Leeuwarden
1872,Leiden,Zuid-Holland,1,1850,Leiden
1872,Lemsterland,Friesland,1,1850,Sneek
1872,Oldemarkt,Overijssel,1,1850,Steenwijk
1872,Rotterdam,Zuid-Holland,4,1850,Rotterdam
1872,Schiedam,Zuid-Holland,1,1850,Delft
1872,Schoonhoven,Zuid-Holland,1,1850,Gouda
1872,Utrecht,Utrecht,3,1850,Utrecht
1872,Veenendaal,Utrecht,1,1850,Amersfoort
1872,Vriezenveen,Overijssel,1,1850,Almelo
1872,Weststellingwerf,Friesland,1,1850,Steenwijk
1872,Wierden,Overijssel,1,1850,Almelo
1872,Woerden,Zuid-Holland,1,1850,Gouda
1872,Zaandam,Noord-Holland,1,1850,Alkmaar
1872,Zwollerkerspel,Overijssel,1,1850,Zwolle
1873,Almelo,Overijssel,3,1850,Almelo
1873,Amsterdam,Noord-Holland,6,1850,Amsterdam
1873,Arnhem,Gelderland,2,1850,Arnhem
1873,Haarlem,Noord-Holland,1,1850,Haarlem
1873,Hengelo,Overijssel,1,1850,Almelo
1873,Hengelo,Overijssel,1,1850,Zutphen
1873,Leiden,Zuid-Holland,1,1850,Leiden
1873,Opsterland,Friesland,2,1850,Sneek
1873,Renkum,Gelderland,2,1850,Arnhem
1873,Weststellingwerf,Friesland,1,1850,Steenwijk
1874,Amsterdam,Noord-Holland,2,1850,Amsterdam
1874,Avereest,Overijssel,1,1850,Zwolle
1874,Den Bosch,Noord-Brabant,1,1850,Den Bosch
1874,Den Haag,Zuid-Holland,1,1850,Den Haag
1874,Eindhoven,Noord-Brabant,1,1850,Eindhoven
1874,Gieten,Drenthe,1,1850,Assen
1874,Groningen,Groningen,1,1850,Groningen
1874,Haskerland,Friesland,1,1850,Sneek
1874,Leiden,Zuid-Holland,1,1850,Leiden
1874,Oldebroek,Gelderland,1,1850,Zwolle
1874,Opsterland,Friesland,2,1850,Sneek
1874,Rotterdam,Zuid-Holland,1,1850,Rotterdam
1874,Ulrum,Groningen,1,1850,Zuidhorn
1874,Utrecht,Utrecht,1,1850,Utrecht
1875,Almelo,Overijssel,2,1850,Almelo
1875,Amsterdam,Noord-Holland,1,1850,Amsterdam
1875,Delfshaven,Zuid-Holland,1,1850,Delft
1875,Haskerland,Friesland,1,1850,Sneek
1875,Opsterland,Friesland,1,1850,Sneek
1875,Vlissingen,Zeeland,1,1850,Middelburg
1875,Vriezenveen,Overijssel,1,1850,Almelo
1876,Amsterdam,Noord-Holland,8,1850,Amsterdam
1876,Enschede,Overijssel,1,1850,Almelo
1876,"Ham, Den",Overijssel,1,1850,NA
1876,Haskerland,Friesland,1,1850,Sneek
1876,Krommenie,Noord-Holland,1,1850,Alkmaar
1876,Leiden,Zuid-Holland,1,1850,Leiden
1876,Lienden,Gelderland,1,1850,Amersfoort
1876,Maastricht,Limburg,1,1850,Maastricht
1876,Opsterland,Friesland,3,1850,Sneek
1876,Reeuwijk,Zuid-Holland,1,1850,Gouda
1876,Rotterdam,Zuid-Holland,1,1850,Rotterdam
1876,Sloten,Noord-Holland,2,1850,Sneek
1876,Sloten,Noord-Holland,2,1850,Haarlem
1876,Zutphen,Gelderland,1,1850,Zutphen
1877,Amsterdam,Noord-Holland,3,1850,Amsterdam
1877,Arnhem,Gelderland,1,1850,Arnhem
1877,Delfshaven,Zuid-Holland,1,1850,Delft
1878,Amsterdam,Noord-Holland,1,1850,Amsterdam
1878,Arnhem,Gelderland,1,1850,Arnhem
1878,Deventer,Overijssel,1,1850,Deventer
1879,Deventer,Overijssel,1,1850,Deventer
1879,Leerdam,Zuid-Holland,1,1850,Gorinchem
1879,Sloten,Noord-Holland,1,1850,Sneek
1879,Sloten,Noord-Holland,1,1850,Haarlem
1880,Bergen op Zoom,Noord-Brabant,1,1850,Breda
1880,Den Haag,Zuid-Holland,2,1850,Den Haag
1880,Deventer,Overijssel,1,1850,Deventer
1880,Eindhoven,Noord-Brabant,1,1850,Eindhoven
1880,Hoorn,Noord-Holland,1,1850,Hoorn
1880,Kampen,Overijssel,1,1850,Zwolle
1880,Leiden,Zuid-Holland,1,1850,Leiden
1880,Liempde,Noord-Brabant,1,1850,Den Bosch
1880,Norg,Drenthe,1,1850,Assen
1880,Opsterland,Friesland,1,1850,Sneek
1880,Sloten,Noord-Holland,1,1850,Sneek
1880,Sloten,Noord-Holland,1,1850,Haarlem
1880,Wonseradeel,Friesland,1,1850,Leeuwarden
1881,Den Haag,Zuid-Holland,1,1850,Den Haag
1881,Lemsterland,Friesland,1,1850,Sneek
1881,Zwolle,Overijssel,1,1850,Zwolle
1882,Den Haag,Zuid-Holland,2,1850,Den Haag
1882,Egmond aan Zee,Noord-Holland,1,1850,Alkmaar
1882,Hoorn,Noord-Holland,1,1850,Hoorn
1882,Leiden,Zuid-Holland,6,1850,Leiden
1882,Noordwijk,Zuid-Holland,1,1850,Haarlem
1882,Odoorn,Drenthe,1,1850,Assen
1882,Vlagtwedde,Groningen,1,1850,Assen
1882,Zaandam,Noord-Holland,1,1850,Alkmaar
1883,Amsterdam,Noord-Holland,2,1850,Amsterdam
1883,Breda,Noord-Brabant,1,1850,Breda
1883,Den Haag,Zuid-Holland,1,1850,Den Haag
1883,Deventer,Overijssel,1,1850,Deventer
1883,Eindhoven,Noord-Brabant,1,1850,Eindhoven
1883,"Ham, Den",Overijssel,1,1850,NA
1883,Heerenveen,Friesland,1,1850,NA
1883,Hilversum,Noord-Holland,1,1850,Amersfoort
1883,Lemsterland,Friesland,1,1850,Sneek
1883,Renkum,Gelderland,1,1850,Arnhem
1883,Rotterdam,Zuid-Holland,2,1850,Rotterdam
1883,Veenendaal,Utrecht,4,1850,Amersfoort
1883,Waalwijk,Noord-Brabant,1,1850,Den Bosch
1883,Westkapelle,Zeeland,1,1850,Middelburg
1883,Weststellingwerf,Friesland,1,1850,Steenwijk
1884,Aalsmeer,Noord-Holland,1,1850,Leiden
1884,Amsterdam,Noord-Holland,1,1850,Amsterdam
1884,Diemen,Noord-Holland,1,1850,Amsterdam
1884,Eindhoven,Noord-Brabant,2,1850,Eindhoven
1884,Leeuwarder,Friesland,3,1850,NA
1884,Maastricht,Limburg,1,1850,Maastricht
1884,Rotterdam,Zuid-Holland,1,1850,Rotterdam
1884,Schiedam,Zuid-Holland,1,1850,Delft
1884,Steenwijk,Overijssel,1,1850,Steenwijk
1884,Valkenswaard,Noord-Brabant,1,1850,Eindhoven
1884,Weststellingwerf,Friesland,1,1850,Steenwijk
1884,Winterswijk,Overijssel,1,1850,Zutphen
1884,Zevenaar,Gelderland,1,1850,Nijmegen
1884,Zevenbergen,Noord-Brabant,1,1850,Tilburg
1885,Amsterdam,Noord-Holland,5,1850,Amsterdam
1885,Den Haag,Zuid-Holland,2,1850,Den Haag
1885,Haskerland,Friesland,1,1850,Sneek
1885,Heerenveen,Friesland,1,1850,NA
1885,Herwen,Groningen,1,1850,NA
1885,Leiden,Zuid-Holland,1,1850,Leiden
1885,Lemsterland,Friesland,1,1850,Sneek
1885,Pernis,Zuid-Holland,1,1850,Dordrecht
1885,Roosendaal,Noord-Brabant,1,1850,Breda
1885,Rotterdam,Zuid-Holland,1,1850,Rotterdam
1885,Vught,Noord-Brabant,1,1850,Den Bosch
1885,Weesperkarspel,Noord-Holland,1,1850,Amersfoort
1885,Weststellingwerf,Friesland,1,1850,Steenwijk
1886,Amsterdam,Noord-Holland,3,1850,Amsterdam
1886,Best,Noord-Brabant,1,1850,Eindhoven
1886,Den Haag,Zuid-Holland,1,1850,Den Haag
1886,Dokkum,Friesland,1,1850,Dokkum
1886,Dongen,Noord-Brabant,1,1850,Tilburg
1886,Doniawerstal,Friesland,1,1850,Sneek
1886,Enschede,Overijssel,1,1850,Almelo
1886,Helmond,Noord-Brabant,1,1850,Eindhoven
1886,Hilversum,Noord-Holland,1,1850,Amersfoort
1886,Maastricht,Limburg,2,1850,Maastricht
1886,Opsterland,Friesland,1,1850,Sneek
1886,Scherpenzeel,Gelderland,1,1850,Amersfoort
1886,Tilburg,Noord-Brabant,1,1850,Tilburg
1886,Weststellingwerf,Friesland,1,1850,Steenwijk
1887,Amsterdam,Noord-Holland,1,1850,Amsterdam
1887,Andel,Noord-Brabant,1,1850,NA
1887,Den Bosch,Noord-Brabant,1,1850,Den Bosch
1887,Den Haag,Zuid-Holland,3,1850,Den Haag
1887,Enschede,Overijssel,1,1850,Almelo
1887,Heerenveen,Friesland,1,1850,NA
1887,Heteren,Gelderland,1,1850,Arnhem
1887,Opsterland,Friesland,2,1850,Sneek
1887,Rotterdam,Zuid-Holland,2,1850,Rotterdam
1887,Stratum,Noord-Brabant,1,1850,Eindhoven
1887,Tilburg,Noord-Brabant,1,1850,Tilburg
1887,Veenendaal,Utrecht,1,1850,Amersfoort
1887,Weststellingwerf,Friesland,1,1850,Steenwijk
1888,Almelo,Overijssel,2,1850,Almelo
1888,Amsterdam,Noord-Holland,1,1850,Amsterdam
1888,Assen,Drenthe,1,1850,Assen
1888,Barradeel,Friesland,1,1850,Leeuwarden
1888,Blankenham,Overijssel,1,1850,Steenwijk
1888,Blerick,Limburg,1,1850,NA
1888,Blokzijl,Overijssel,1,1850,Steenwijk
1888,Den Haag,Zuid-Holland,1,1850,Den Haag
1888,Enschede,Overijssel,1,1850,Almelo
1888,Goor,Overijssel,1,1850,Almelo
1888,Heerenveen,Friesland,4,1850,NA
1888,Helmond,Noord-Brabant,2,1850,Eindhoven
1888,Hoogezand-,Groningen,1,1850,NA
1888,Ooststellingwerf,Friesland,1,1850,Steenwijk
1888,Opsterland,Friesland,2,1850,Sneek
1888,Putten,Gelderland,1,1850,Arnhem
1888,Veendam,Groningen,1,1850,Appingedam
1888,Weststellingwerf,Friesland,1,1850,Steenwijk
1889,Amsterdam,Noord-Holland,9,1888,Amsterdam
1889,Apeldoorn,Gelderland,1,1888,Apeldoorn
1889,Beek,Limburg,1,1888,Sittard
1889,Borger,Drenthe,1,1888,Emmen
1889,Den Bosch,Noord-Brabant,2,1888,Den Bosch
1889,Diepenveen,Overijssel,1,1888,Deventer
1889,Doniawerstal,Friesland,1,1888,Sneek
1889,Eindhoven,Noord-Brabant,1,1888,Eindhoven
1889,Goor,Overijssel,1,1888,Lochem
1889,Haarlemmermeer,Noord-Holland,1,1888,Haarlemmermeer
1889,Hardenberg,Overijssel,1,1888,NA
1889,Haskerland,Friesland,2,1888,Schoterland
1889,Heerenveen,Friesland,2,1888,NA
1889,Helvoirt,Noord-Brabant,1,1888,Waalwijk
1889,Hilversum,Noord-Holland,1,1888,Hilversum
1889,Horst,Limburg,1,1888,Weert
1889,Katwijk,Zuid-Holland,1,1888,Katwijk
1889,Kerkrade,Limburg,1,1888,Gulpen
1889,Klundert,Noord-Brabant,1,1888,Zevenbergen
1889,Krommenie,Noord-Holland,1,1888,Beverwijk
1889,Leiden,Zuid-Holland,1,1888,Leiden
1889,Maarn,Utrecht,2,1888,Amersfoort
1889,Maastricht,Limburg,1,1888,Maastricht
1889,onbekend,Friesland,1,1888,NA
1889,Onstwedde,Groningen,1,1888,Veendam
1889,Ooststelli,Friesland,1,1888,NA
1889,Ooststellingwerf,Friesland,1,1888,Wolvega
1889,Opsterland,Friesland,1,1888,Schoterland
1889,Pekela,Groningen,1,1888,NA
1889,Rotterdam,Zuid-Holland,8,1888,Rotterdam
1889,Sappemeer,Groningen,1,1888,Veendam
1889,Smilde,Drenthe,1,1888,Wolvega
1889,Sneek,Friesland,1,1888,Sneek
1889,Steenwijkerwold,Overijssel,1,1888,Steenwijk
1889,Vlagtwedde,Groningen,1,1888,Veendam
1889,Weststellingwerf,Friesland,2,1888,Wolvega
1889,Wildervank,Groningen,1,1888,Assen
1890,Achtkarspelen,Friesland,1,1888,Bergum
1890,Amsterdam,Noord-Holland,4,1888,Amsterdam
1890,Asten,Noord-Brabant,1,1888,Helmond
1890,Avereest,Overijssel,1,1888,Meppel
1890,"Bildt, Het",Friesland,3,1888,NA
1890,Borger,Drenthe,2,1888,Emmen
1890,Breda,Noord-Brabant,1,1888,Breda
1890,Coevorden,Drenthe,1,1888,Emmen
1890,Culemborg,Gelderland,1,1888,Wijk bij Duurstede
1890,Den Haag,Zuid-Holland,1,1888,Den Haag
1890,Elst,Gelderland,1,1888,Elst
1890,Emmen,Drenthe,4,1888,Emmen
1890,Enschede,Overijssel,4,1888,Enschede
1890,Finsterwolde,Groningen,1,1888,Winschoten
1890,Groningen,Groningen,2,1888,Groningen
1890,Haaften,Gelderland,1,1888,Tiel
1890,Haskerland,Friesland,1,1888,Schoterland
1890,Heerenveen,Friesland,4,1888,NA
1890,Helmond,Noord-Brabant,1,1888,Helmond
1890,Hoogeveen,Drenthe,1,1888,Meppel
1890,Lith,Noord-Brabant,1,1888,Grave
1890,Maastricht,Limburg,1,1888,Maastricht
1890,Midwolda,Groningen,1,1888,Winschoten
1890,Nijmegen,Gelderland,1,1888,Nijmegen
1890,Odoorn,Drenthe,4,1888,Emmen
1890,Onstwedde,Groningen,1,1888,Veendam
1890,Oosterhesselen,Drenthe,1,1888,Emmen
1890,Ooststellingwerf,Friesland,1,1888,Wolvega
1890,Opsterland,Friesland,2,1888,Schoterland
1890,Oss,Noord-Brabant,1,1888,Grave
1890,Rheden,Gelderland,2,1888,Rheden
1890,Rossum,Gelderland,1,1888,Druten
1890,Rotterdam,Zuid-Holland,1,1888,Rotterdam
1890,Sleen,Drenthe,1,1888,Emmen
1890,Smallingerland,Friesland,1,1888,Bergum
1890,Tilburg,Noord-Brabant,2,1888,Tilburg
1890,Uden,Noord-Brabant,1,1888,Veghel
1890,Utrecht,Utrecht,1,1888,Utrecht
1890,Valkenswaard,Noord-Brabant,1,1888,Eindhoven
1890,Veendam,Groningen,2,1888,Veendam
1890,Velsen,Noord-Holland,1,1888,Beverwijk
1890,Vlagtwedde,Groningen,2,1888,Veendam
1890,Wageningen,Gelderland,1,1888,Elst
1890,Weststellingwerf,Friesland,1,1888,Wolvega
1890,Wildervank,Groningen,1,1888,Assen
1891,Almelo,Overijssel,2,1888,Almelo
1891,Amsterdam,Noord-Holland,2,1888,Amsterdam
1891,Arnhem,Gelderland,2,1888,Arnhem
1891,"Bildt, Het",Friesland,1,1888,NA
1891,Borger,Drenthe,1,1888,Emmen
1891,Culemborg,Gelderland,3,1888,Wijk bij Duurstede
1891,Den Haag,Zuid-Holland,1,1888,Den Haag
1891,Dodewaard,Gelderland,1,1888,Tiel
1891,Eindhoven,Noord-Brabant,1,1888,Eindhoven
1891,Emmen,Drenthe,1,1888,Emmen
1891,Enschede,Overijssel,1,1888,Enschede
1891,Groningen,Groningen,2,1888,Groningen
1891,Heerenveen,Friesland,2,1888,NA
1891,Helmond,Noord-Brabant,1,1888,Helmond
1891,Noordbroek,Groningen,1,1888,Winschoten
1891,Ooststellingwerf,Friesland,1,1888,Wolvega
1891,Renkum,Gelderland,1,1888,Elst
1891,Vianen,Zuid-Holland,1,1888,Sliedrecht
1891,Wijk bij Duurstede,Utrecht,1,1888,Wijk bij Duurstede
1891,Wildervank,Groningen,1,1888,Assen
1891,Wilnis,Utrecht,1,1888,Breukelen
1892,Aarle-Rixtel,Noord-Brabant,1,1888,Helmond
1892,Assen,Drenthe,1,1888,Assen
1892,Beverwijk,Noord-Holland,1,1888,Beverwijk
1892,De Lier,Zuid-Holland,1,1888,NA
1892,Delft,Zuid-Holland,1,1888,Delft
1892,Helmond,Noord-Brabant,3,1888,Helmond
1892,Pekela,Groningen,2,1888,NA
1892,Scherpenzeel,Gelderland,1,1888,Ede
1892,Uithuizen,Groningen,1,1888,Appingedam
1892,Usquert,Groningen,1,1888,Appingedam
1892,Velsen,Noord-Holland,1,1888,Beverwijk
1893,Aduard,Groningen,1,1888,Zuidhorn
1893,Amsterdam,Noord-Holland,3,1888,Amsterdam
1893,Assen,Drenthe,1,1888,Assen
1893,Bedum,Friesland,1,1888,Groningen
1893,Beerta,Groningen,1,1888,Winschoten
1893,Borger,Drenthe,2,1888,Emmen
1893,Den Haag,Zuid-Holland,1,1888,Den Haag
1893,Den Helder,Noord-Holland,1,1888,NA
1893,Eindhoven,Noord-Brabant,1,1888,Eindhoven
1893,Havelte,Drenthe,1,1888,Wolvega
1893,Hengelo,Overijssel,1,1888,Enschede
1893,Hengelo,Overijssel,1,1888,Zutphen
1893,Horst,Limburg,1,1888,Weert
1893,Midwolda,Groningen,1,1888,Winschoten
1893,Noordbroek,Groningen,1,1888,Winschoten
1893,Odoorn,Drenthe,2,1888,Emmen
1893,Oss,Noord-Brabant,1,1888,Grave
1893,Pekela,Groningen,2,1888,NA
1893,Rotterdam,Zuid-Holland,1,1888,Rotterdam
1893,Wildervank,Groningen,3,1888,Assen
1893,Zuidbroek,Groningen,2,1888,Winschoten
1893,Zuidhorn,Groningen,1,1888,Zuidhorn
1893,Zuidlaren,Drenthe,1,1888,Assen
1894,Amsterdam,Noord-Holland,28,1888,Amsterdam
1894,Arnhem,Gelderland,3,1888,Arnhem
1894,Borger,Drenthe,1,1888,Emmen
1894,Boxmeer,Noord-Brabant,1,1888,Grave
1894,Breda,Noord-Brabant,1,1888,Breda
1894,Den Haag,Zuid-Holland,2,1888,Den Haag
1894,Doetinchem,Gelderland,1,1888,NA
1894,Dordrecht,Zuid-Holland,1,1888,Dordrecht
1894,Enschede,Overijssel,1,1888,Enschede
1894,Groningen,Groningen,1,1888,Groningen
1894,Haarlem,Noord-Holland,1,1888,Haarlem
1894,Helmond,Noord-Brabant,1,1888,Helmond
1894,Hengelo,Overijssel,1,1888,Enschede
1894,Hengelo,Overijssel,1,1888,Zutphen
1894,Hilversum,Noord-Holland,1,1888,Hilversum
1894,Hoogeveen,Drenthe,2,1888,Meppel
1894,Leiden,Zuid-Holland,3,1888,Leiden
1894,Maastricht,Limburg,1,1888,Maastricht
1894,Montfoort,Utrecht,1,1888,Wijk bij Duurstede
1894,Nijmegen,Gelderland,1,1888,Nijmegen
1894,Odoorn,Drenthe,1,1888,Emmen
1894,Rhenen,Utrecht,1,1888,Ede
1894,Rijssen,Overijssel,2,1888,Almelo
1894,Rotterdam,Zuid-Holland,4,1888,Rotterdam
1894,Sappemeer,Groningen,1,1888,Veendam
1894,Sittard,Limburg,1,1888,Sittard
1894,Sneek,Friesland,1,1888,Sneek
1894,Utrecht,Utrecht,1,1888,Utrecht
1894,Vaals,Limburg,1,1888,Gulpen
1894,Veenendaal,Utrecht,1,1888,Ede
1894,Wedde,Groningen,2,1888,Winschoten
1894,Wildervank,Groningen,1,1888,Assen
1894,Winschoten,Groningen,2,1888,Winschoten
1894,Zutphen,Gelderland,1,1888,Zutphen
1894,Zwolle,Overijssel,1,1888,Zwolle
1895,Amsterdam,Noord-Holland,38,1888,Amsterdam
1895,Boxmeer,Noord-Brabant,1,1888,Grave
1895,Delfzijl,Groningen,1,1888,Appingedam
1895,Den Haag,Zuid-Holland,2,1888,Den Haag
1895,Domburg,Zeeland,1,1888,Middelburg
1895,Doniawerstal,Friesland,1,1888,Sneek
1895,Emmen,Drenthe,1,1888,Emmen
1895,Enschede,Overijssel,3,1888,Enschede
1895,Gorinchem,Zuid-Holland,1,1888,Gorinchem
1895,Haarlem,Noord-Holland,1,1888,Haarlem
1895,Hoogeveen,Drenthe,1,1888,Meppel
1895,Katwijk,Zuid-Holland,1,1888,Katwijk
1895,Leiden,Zuid-Holland,4,1888,Leiden
1895,Lemsterland,Friesland,1,1888,Wolvega
1895,Maastricht,Limburg,5,1888,Maastricht
1895,Middelburg,Zeeland,1,1888,Middelburg
1895,Onbekend,Onbekend / Unknown,1,1888,NA
1895,Onstwedde,Groningen,1,1888,Veendam
1895,Opsterland,Friesland,1,1888,Schoterland
1895,Rotterdam,Zuid-Holland,1,1888,Rotterdam
1895,Terneuzen,Zeeland,1,1888,NA
1895,Tilburg,Noord-Brabant,1,1888,Tilburg
1895,Utrecht,Utrecht,2,1888,Utrecht
1895,Vaals,Limburg,1,1888,Gulpen
1895,Weststellingwerf,Friesland,1,1888,Wolvega
1895,Wormerveer,Noord-Holland,2,1888,Zaandam
1895,Zaandam,Noord-Holland,1,1888,Zaandam
1896,Achtkarspelen,Friesland,1,1888,Bergum
1896,Almelo,Overijssel,3,1888,Almelo
1896,Alphen ad Rijn,Zuid-Holland,1,1888,NA
1896,Amsterdam,Noord-Holland,26,1888,Amsterdam
1896,Arnhem,Gelderland,1,1888,Arnhem
1896,Assen,Drenthe,1,1888,Assen
1896,Barradeel,Friesland,2,1888,Harlingen
1896,Beerta,Groningen,2,1888,Winschoten
1896,Den Haag,Zuid-Holland,1,1888,Den Haag
1896,Deventer,Overijssel,1,1888,Deventer
1896,Dordrecht,Zuid-Holland,1,1888,Dordrecht
1896,Druten,Gelderland,1,1888,Druten
1896,Enschede,Overijssel,2,1888,Enschede
1896,Gieten,Drenthe,3,1888,Assen
1896,Gorinchem,Zuid-Holland,1,1888,Gorinchem
1896,Gouda,Zuid-Holland,1,1888,Gouda
1896,Harlingen,Friesland,1,1888,Harlingen
1896,Heerenveen,Friesland,1,1888,NA
1896,Helmond,Noord-Brabant,3,1888,Helmond
1896,Hengelo,Overijssel,1,1888,Enschede
1896,Hengelo,Overijssel,1,1888,Zutphen
1896,Heteren,Gelderland,1,1888,Elst
1896,Hilversum,Noord-Holland,1,1888,Hilversum
1896,Hoogeveen,Drenthe,1,1888,Meppel
1896,Kampen,Overijssel,1,1888,Kampen
1896,Leeuwarden,Friesland,3,1888,Leeuwarden
1896,Leiden,Zuid-Holland,1,1888,Leiden
1896,Maastricht,Limburg,5,1888,Maastricht
1896,Millingen,Gelderland,1,1888,Nijmegen
1896,Nijmegen,Gelderland,1,1888,Nijmegen
1896,Odoorn,Drenthe,3,1888,Emmen
1896,Opsterland,Friesland,3,1888,Schoterland
1896,Rotterdam,Zuid-Holland,15,1888,Rotterdam
1896,Scherpenzeel,Gelderland,1,1888,Ede
1896,Schiedam,Zuid-Holland,8,1888,Schiedam
1896,Steenwijk,Overijssel,1,1888,Steenwijk
1896,Tilburg,Noord-Brabant,2,1888,Tilburg
1896,Utingeradeel,Friesland,1,1888,Schoterland
1896,Utrecht,Utrecht,1,1888,Utrecht
1896,Vlagtwedde,Groningen,1,1888,Veendam
1896,Westervoort,Gelderland,1,1888,Rheden
1896,Weststellingwerf,Friesland,1,1888,Wolvega
1896,Winschoten,Groningen,2,1888,Winschoten
1896,Zaandam,Noord-Holland,3,1888,Zaandam
1896,Zoutelande,Zeeland,2,1888,Middelburg
1896,Zutphen,Gelderland,1,1888,Zutphen
1896,Zwolle,Overijssel,1,1888,Zwolle
1897,Almelo,Overijssel,14,1888,Almelo
1897,Amsterdam,Noord-Holland,34,1888,Amsterdam
1897,Arnhem,Gelderland,1,1888,Arnhem
1897,Asten,Noord-Brabant,1,1888,Helmond
1897,Beerta,Groningen,1,1888,Winschoten
1897,Breda,Noord-Brabant,2,1888,Breda
1897,Bussum,Noord-Holland,1,1888,Hilversum
1897,Cadzand,Zeeland,1,1888,Oostburg
1897,Den Haag,Zuid-Holland,6,1888,Den Haag
1897,Deventer,Overijssel,1,1888,Deventer
1897,Dordrecht,Zuid-Holland,3,1888,Dordrecht
1897,Druten,Gelderland,1,1888,Druten
1897,Enschede,Overijssel,1,1888,Enschede
1897,Ermelo,Gelderland,1,1888,Apeldoorn
1897,Haarlem,Noord-Holland,1,1888,Haarlem
1897,Heerenveen,Friesland,1,1888,NA
1897,Hilversum,Noord-Holland,3,1888,Hilversum
1897,Hoogeveen,Drenthe,1,1888,Meppel
1897,Hoogkerk,Groningen,1,1888,Zuidhorn
1897,Hulst,Zeeland,1,1888,Hontenisse
1897,Kesteren,Gelderland,1,1888,Tiel
1897,Leiden,Zuid-Holland,1,1888,Leiden
1897,Meeden,Groningen,1,1888,Veendam
1897,Meppel,Drenthe,1,1888,Meppel
1897,Neede,Gelderland,1,1888,Lochem
1897,Nieuwolda,Groningen,1,1888,Winschoten
1897,Oud-Beijer,Zuid-Holland,1,1888,NA
1897,Pekela,Groningen,3,1888,NA
1897,Rhenen,Utrecht,1,1888,Ede
1897,Ridderkerk,Zuid-Holland,1,1888,Ridderkerk
1897,Rotterdam,Zuid-Holland,21,1888,Rotterdam
1897,Sappemeer,Groningen,1,1888,Veendam
1897,Scherpenzeel,Gelderland,1,1888,Ede
1897,Smilde,Drenthe,1,1888,Wolvega
1897,Steenwijkerwold,Overijssel,1,1888,Steenwijk
1897,Terneuzen,Zeeland,1,1888,NA
1897,Tiel,Noord-Brabant,1,1888,Tiel
1897,Tilburg,Noord-Brabant,1,1888,Tilburg
1897,Utrecht,Utrecht,5,1888,Utrecht
1897,Vuren,Gelderland,1,1888,Gorinchem
1897,Weesp,Noord-Holland,1,1888,Hilversum
1897,Winschoten,Groningen,1,1888,Winschoten
1897,Wisch,Gelderland,1,1888,Doetinchem
1897,Wormerveer,Noord-Holland,1,1888,Zaandam
1897,Zutphen,Gelderland,1,1888,Zutphen
1897,Zwolle,Overijssel,1,1888,Zwolle
1898,Almelo,Overijssel,2,1897,Almelo
1898,Alphen ad Rijn,Zuid-Holland,1,1897,NA
1898,Amersfoort,Utrecht,1,1897,Amersfoort
1898,Amsterdam,Noord-Holland,21,1897,Amsterdam
1898,Breda,Noord-Brabant,3,1897,Breda
1898,Culemborg,Gelderland,1,1897,Wijk bij Duurstede
1898,De Lier,Zuid-Holland,1,1897,NA
1898,Delft,Zuid-Holland,1,1897,Delft
1898,Den Haag,Zuid-Holland,2,1897,Den Haag
1898,Doniawerstal,Friesland,1,1897,Sneek
1898,Echteld,Gelderland,1,1897,Tiel
1898,Enschede,Overijssel,1,1897,Enschede
1898,Epe,Gelderland,1,1897,Apeldoorn
1898,Finsterwolde,Groningen,1,1897,Winschoten
1898,Gieten,Drenthe,1,1897,Assen
1898,Haarlem,Noord-Holland,1,1897,Haarlem
1898,Haarlemmermeer,Noord-Holland,1,1897,Haarlemmermeer
1898,Haskerland,Friesland,1,1897,Schoterland
1898,Heerenveen,Friesland,1,1897,NA
1898,Hendrik Ido Ambacht,Zuid-Holland,1,1897,NA
1898,Hoogeveen,Drenthe,3,1897,Meppel
1898,Hoogezand-,Groningen,2,1897,NA
1898,Leiden,Zuid-Holland,1,1897,Leiden
1898,Lekkerkerk,Zuid-Holland,1,1897,Gouda
1898,Nijmegen,Gelderland,1,1897,Nijmegen
1898,Obdam,Noord-Holland,1,1897,Enkhuizen
1898,Odoorn,Drenthe,1,1897,Emmen
1898,Oosterhout,Noord-Brabant,1,1897,Oosterhout
1898,Pekela,Groningen,1,1897,NA
1898,Pernis,Zuid-Holland,1,1897,Brielle
1898,Rotterdam,Zuid-Holland,11,1897,Rotterdam
1898,Sneek,Friesland,2,1897,Sneek
1898,Steenwijk,Overijssel,1,1897,Steenwijk
1898,Utrecht,Utrecht,2,1897,Utrecht
1898,Vlagtwedde,Groningen,1,1897,Veendam
1898,Winschoten,Groningen,1,1897,Winschoten
1898,Winterswijk,Overijssel,1,1897,Doetinchem
1898,Zutphen,Gelderland,1,1897,Zutphen
1899,Almelo,Overijssel,3,1897,Almelo
1899,Amsterdam,Noord-Holland,52,1897,Amsterdam
1899,Arnhem,Gelderland,1,1897,Arnhem
1899,Baarn,Utrecht,1,1897,Amersfoort
1899,Bedum,Friesland,1,1897,Hoogezand
1899,Borger,Drenthe,3,1897,Emmen
1899,Breda,Noord-Brabant,2,1897,Breda
1899,Budel,Noord-Brabant,1,1897,Helmond
1899,Delft,Zuid-Holland,2,1897,Delft
1899,Den Haag,Zuid-Holland,5,1897,Den Haag
1899,Deventer,Overijssel,2,1897,Deventer
1899,Dokkum,Friesland,2,1897,Dokkum
1899,Doniawerstal,Friesland,3,1897,Sneek
1899,Dordrecht,Zuid-Holland,1,1897,Dordrecht
1899,Druten,Gelderland,1,1897,Druten
1899,Echteld,Gelderland,1,1897,Tiel
1899,Enschede,Overijssel,3,1897,Enschede
1899,Goor,Overijssel,1,1897,Lochem
1899,Groningen,Groningen,3,1897,Groningen
1899,Haarlem,Noord-Holland,2,1897,Haarlem
1899,Heerenveen,Friesland,2,1897,NA
1899,Hilvarenbeek,Noord-Brabant,1,1897,Tilburg
1899,Hilversum,Noord-Holland,1,1897,Hilversum
1899,Horst,Limburg,1,1897,Weert
1899,Koog ad Zaan,Noord-Holland,2,1897,NA
1899,Leerdam,Zuid-Holland,1,1897,Sliedrecht
1899,Leeuwarden,Friesland,1,1897,Leeuwarden
1899,Leiden,Zuid-Holland,2,1897,Leiden
1899,Lienden,Gelderland,1,1897,Tiel
1899,Meppel,Drenthe,2,1897,Meppel
1899,Nistelrode,Noord-Brabant,1,1897,Grave
1899,Odoorn,Drenthe,1,1897,Emmen
1899,Onbekend,Onbekend / Unknown,1,1897,NA
1899,Opsterland,Friesland,4,1897,Schoterland
1899,Pekela,Groningen,2,1897,NA
1899,Rotterdam,Zuid-Holland,10,1897,Rotterdam
1899,Sappemeer,Groningen,2,1897,Veendam
1899,Scheemda,Groningen,1,1897,Winschoten
1899,Slochteren,Groningen,2,1897,Hoogezand
1899,Smallingerland,Friesland,2,1897,Tietjerksteradeel
1899,Stellendam,Zuid-Holland,1,1897,Zierikzee
1899,Tiel,Noord-Brabant,1,1897,Tiel
1899,Utrecht,Utrecht,1,1897,Utrecht
1899,Veendam,Groningen,1,1897,Veendam
1899,Veenendaal,Utrecht,1,1897,Ede
1899,Velsen,Noord-Holland,1,1897,Beverwijk
1899,Vlagtwedde,Groningen,1,1897,Veendam
1899,Vlissingen,Zeeland,6,1897,Middelburg
1899,Wormerveer,Noord-Holland,1,1897,Zaandam
1899,Zaandam,Noord-Holland,4,1897,Zaandam
1899,Zijpe,Noord-Holland,1,1897,NA
1899,Zutphen,Gelderland,1,1897,Zutphen
1900,Almelo,Overijssel,1,1897,Almelo
1900,Amsterdam,Noord-Holland,60,1897,Amsterdam
1900,Apeldoorn,Gelderland,1,1897,Apeldoorn
1900,Arnhem,Gelderland,4,1897,Arnhem
1900,Asten,Noord-Brabant,1,1897,Helmond
1900,Bedum,Friesland,4,1897,Hoogezand
1900,Bedum,Groningen,1,1897,Hoogezand
1900,Bellingwolde,Groningen,1,1897,Winschoten
1900,Biervliet,Zeeland,1,1897,Oostburg
1900,Bodegraven,Zuid-Holland,1,1897,Bodegraven
1900,Bolsward,Friesland,2,1897,Harlingen
1900,Borger,Drenthe,1,1897,Emmen
1900,Borne,Overijssel,1,1897,Almelo
1900,Boxtel,Noord-Brabant,1,1897,Den Bosch
1900,Breda,Noord-Brabant,3,1897,Breda
1900,Clinge,Zeeland,1,1897,Hontenisse
1900,Delfzijl,Groningen,1,1897,Appingedam
1900,Den Haag,Zuid-Holland,1,1897,Den Haag
1900,Dokkum,Friesland,1,1897,Dokkum
1900,Doniawerstal,Friesland,2,1897,Sneek
1900,Dordrecht,Zuid-Holland,1,1897,Dordrecht
1900,Echteld,Gelderland,1,1897,Tiel
1900,Edam,Noord-Holland,1,1897,Hoorn
1900,Emmen,Drenthe,1,1897,Emmen
1900,Enschede,Overijssel,2,1897,Enschede
1900,Franeker,Friesland,1,1897,Franeker
1900,Groningen,Groningen,1,1897,Groningen
1900,"Ham, den",Overijssel,1,1897,NA
1900,"Ham, Den",Overijssel,2,1897,NA
1900,Harlingen,Friesland,1,1897,Harlingen
1900,Haskerland,Friesland,1,1897,Schoterland
1900,Heerenveen,Friesland,3,1897,NA
1900,Hilversum,Noord-Holland,1,1897,Hilversum
1900,Hoogeveen,Drenthe,2,1897,Meppel
1900,IJlst,Friesland,1,1897,NA
1900,Kerkwijk,Gelderland,1,1897,Druten
1900,Leeuwarden,Friesland,2,1897,Leeuwarden
1900,Leiden,Zuid-Holland,3,1897,Leiden
1900,Lisse,Zuid-Holland,2,1897,Haarlemmermeer
1900,Loenen,Utrecht,1,1897,Breukelen
1900,Loon op Zand,Noord-Brabant,1,1897,Oosterhout
1900,Menaldumadeel,Friesland,3,1897,Franeker
1900,Odoorn,Drenthe,1,1897,Emmen
1900,Oldenzaal,Overijssel,1,1897,Enschede
1900,Ommen,Overijssel,1,1897,NA
1900,Ooststellingwerf,Friesland,1,1897,Weststellingwerf
1900,Opsterland,Friesland,5,1897,Schoterland
1900,Oude-Tonge,Zuid-Holland,1,1897,NA
1900,Overschie,Zuid-Holland,1,1897,Schiedam
1900,Rhenen,Utrecht,3,1897,Ede
1900,Rotterdam,Zuid-Holland,13,1897,Rotterdam
1900,Sleen,Drenthe,2,1897,Emmen
1900,Sneek,Friesland,1,1897,Sneek
1900,Terneuzen,Zeeland,6,1897,NA
1900,Tiel,Noord-Brabant,1,1897,Tiel
1900,Tilburg,Noord-Brabant,1,1897,Tilburg
1900,Utrecht,Utrecht,4,1897,Utrecht
1900,Vlissingen,Zeeland,1,1897,Middelburg
1900,Waalre,Noord-Brabant,1,1897,Helmond
1900,Wamel,Gelderland,1,1897,Druten
1900,Weesp,Noord-Holland,1,1897,Hilversum
1900,Weststellingwerf,Friesland,3,1897,Weststellingwerf
1900,Winschoten,Groningen,2,1897,Winschoten
1900,Winsum,Groningen,1,1897,Zuidhorn
1900,Wormerveer,Noord-Holland,1,1897,Zaandam
1900,Zaandam,Noord-Holland,4,1897,Zaandam
1901,Almelo,Overijssel,1,1897,Almelo
1901,Amsterdam,Noord-Holland,45,1897,Amsterdam
1901,Arnhem,Gelderland,2,1897,Arnhem
1901,Baflo,Groningen,1,1897,Appingedam
1901,Bedum,Friesland,1,1897,Hoogezand
1901,Beerta,Groningen,2,1897,Winschoten
1901,Bergen op Zoom,Noord-Brabant,1,1897,Bergen op Zoom
1901,Borger,Drenthe,1,1897,Emmen
1901,Bussum,Noord-Holland,3,1897,Hilversum
1901,Den Bosch,Noord-Brabant,3,1897,Den Bosch
1901,Den Haag,Zuid-Holland,2,1897,Den Haag
1901,Deventer,Overijssel,1,1897,Deventer
1901,Doetinchem,Gelderland,1,1897,NA
1901,Doniawerstal,Friesland,1,1897,Sneek
1901,Dordrecht,Zuid-Holland,2,1897,Dordrecht
1901,Emmen,Drenthe,3,1897,Emmen
1901,Enschede,Overijssel,3,1897,Enschede
1901,Finsterwolde,Groningen,1,1897,Winschoten
1901,Franeker,Friesland,2,1897,Franeker
1901,Geertruidenberg,Noord-Brabant,1,1897,Zevenbergen
1901,Groningen,Groningen,2,1897,Groningen
1901,Haarlem,Noord-Holland,3,1897,Haarlem
1901,Haarlemmermeer,Noord-Holland,1,1897,Haarlemmermeer
1901,"Ham, Den",Overijssel,1,1897,NA
1901,Haskerland,Friesland,2,1897,Schoterland
1901,Heerenveen,Friesland,1,1897,NA
1901,Heteren,Gelderland,1,1897,Elst
1901,Hoogeveen,Drenthe,2,1897,Meppel
1901,Hoogezand-,Groningen,1,1897,NA
1901,Kantens,Groningen,1,1897,Appingedam
1901,Leek,Groningen,1,1897,Zuidhorn
1901,Leeuwarden,Friesland,1,1897,Leeuwarden
1901,Leiden,Zuid-Holland,1,1897,Leiden
1901,Limmen,Noord-Holland,1,1897,Beverwijk
1901,Lisse,Zuid-Holland,2,1897,Haarlemmermeer
1901,Maastricht,Limburg,1,1897,Maastricht
1901,Meeden,Groningen,1,1897,Veendam
1901,Nieuww-Lekkerland,Zuid-Holland,1,1897,NA
1901,Odoorn,Drenthe,1,1897,Emmen
1901,Oldenzaal,Overijssel,1,1897,Enschede
1901,Ooststelli,Friesland,2,1897,NA
1901,Ooststellingwerf,Friesland,1,1897,Weststellingwerf
1901,Opsterland,Friesland,5,1897,Schoterland
1901,Pekela,Groningen,3,1897,NA
1901,Rijssen,Overijssel,1,1897,Almelo
1901,Rotterdam,Zuid-Holland,15,1897,Rotterdam
1901,Sappemeer,Groningen,1,1897,Veendam
1901,Schiedam,Zuid-Holland,1,1897,Schiedam
1901,Schoten,Noord-Holland,1,1897,Beverwijk
1901,Sneek,Friesland,1,1897,Sneek
1901,Stedum,Groningen,1,1897,Appingedam
1901,Steenwijkerwold,Overijssel,1,1897,Steenwijk
1901,Terneuzen,Zeeland,2,1897,NA
1901,Tietsjerks,Friesland,1,1897,NA
1901,Tilburg,Noord-Brabant,1,1897,Tilburg
1901,Uithuizermeeden,Groningen,1,1897,Appingedam
1901,Utrecht,Utrecht,1,1897,Utrecht
1901,Veendam,Groningen,1,1897,Veendam
1901,Vlagtwedde,Groningen,1,1897,Veendam
1901,Vlissingen,Zeeland,1,1897,Middelburg
1901,Wageningen,Gelderland,1,1897,Elst
1901,Watergraaf,Noord-Holland,1,1897,NA
1901,Westkapelle,Zeeland,1,1897,Middelburg
1901,Weststellingwerf,Friesland,2,1897,Weststellingwerf
1901,Wierden,Overijssel,1,1897,Almelo
1901,Wildervank,Groningen,1,1897,Assen
1901,Winschoten,Groningen,3,1897,Winschoten
1901,Zaandam,Noord-Holland,4,1897,Zaandam
1901,Zandt 't,Groningen,1,1897,NA
1902,Aalten,Gelderland,1,1897,Doetinchem
1902,Alkmaar,Noord-Holland,2,1897,Alkmaar
1902,Almelo,Overijssel,2,1897,Almelo
1902,Amersfoort,Utrecht,3,1897,Amersfoort
1902,Amsterdam,Noord-Holland,64,1897,Amsterdam
1902,Bedum,Friesland,1,1897,Hoogezand
1902,Beerta,Groningen,1,1897,Winschoten
1902,Bladel en,Noord-Brabant,1,1897,NA
1902,Brummen,Gelderland,1,1897,Zutphen
1902,Capelle a/d Ijssel,Zuid-Holland,2,1897,NA
1902,Culemborg,Gelderland,2,1897,Wijk bij Duurstede
1902,Den Haag,Zuid-Holland,7,1897,Den Haag
1902,Deventer,Overijssel,4,1897,Deventer
1902,Druten,Gelderland,1,1897,Druten
1902,Echteld,Gelderland,1,1897,Tiel
1902,Eenrum,Groningen,1,1897,Appingedam
1902,Eindhoven,Noord-Brabant,1,1897,Eindhoven
1902,Emmen,Drenthe,3,1897,Emmen
1902,Enschede,Overijssel,5,1897,Enschede
1902,Giethoorn,Overijssel,1,1897,Steenwijk
1902,Goirle,Noord-Brabant,1,1897,Tilburg
1902,Gouda,Zuid-Holland,1,1897,Gouda
1902,Groningen,Groningen,3,1897,Groningen
1902,Haarlem,Noord-Holland,9,1897,Haarlem
1902,Haarlemmerliede,Noord-Holland,1,1897,Beverwijk
1902,Heerenveen,Friesland,1,1897,NA
1902,Hilversum,Noord-Holland,1,1897,Hilversum
1902,Hoorn,Noord-Holland,1,1897,Hoorn
1902,Huizen,Noord-Holland,1,1897,Hilversum
1902,Kampen,Overijssel,1,1897,Kampen
1902,Langerak,Zuid-Holland,1,1897,Sliedrecht
1902,Leens,Groningen,1,1897,Zuidhorn
1902,Leeuwarden,Friesland,1,1897,Leeuwarden
1902,Leiden,Zuid-Holland,3,1897,Leiden
1902,Meerssen,Limburg,1,1897,Maastricht
1902,Meppel,Drenthe,1,1897,Meppel
1902,Muntendam,Groningen,1,1897,Veendam
1902,Naarden,Noord-Holland,1,1897,Hilversum
1902,Nieuwer Amstel,Noord-Holland,1,1897,NA
1902,Odoorn,Drenthe,2,1897,Emmen
1902,Oldemarkt,Overijssel,1,1897,Steenwijk
1902,Oldenzaal,Overijssel,1,1897,Enschede
1902,Onbekend,Onbekend / Unknown,1,1897,NA
1902,Ooststellingwerf,Friesland,1,1897,Weststellingwerf
1902,Oud-Beijer,Zuid-Holland,2,1897,NA
1902,Renkum,Gelderland,1,1897,Elst
1902,Rosmalen,Noord-Brabant,2,1897,Den Bosch
1902,Rotterdam,Zuid-Holland,10,1897,Rotterdam
1902,Schiedam,Zuid-Holland,4,1897,Schiedam
1902,Sneek,Friesland,1,1897,Sneek
1902,Steenwijk,Overijssel,5,1897,Steenwijk
1902,Steenwijkerwold,Overijssel,1,1897,Steenwijk
1902,Tiel,Noord-Brabant,2,1897,Tiel
1902,Tilburg,Noord-Brabant,2,1897,Tilburg
1902,Utrecht,Utrecht,1,1897,Utrecht
1902,Veendam,Groningen,1,1897,Veendam
1902,Vlagtwedde,Groningen,1,1897,Veendam
1902,Vollenhove,Overijssel,1,1897,NA
1902,Warffum,Groningen,1,1897,Appingedam
1902,Watergraaf,Noord-Holland,1,1897,NA
1902,Wildervank,Groningen,2,1897,Assen
1902,Winterswijk,Overijssel,1,1897,Doetinchem
1902,Zaandam,Noord-Holland,2,1897,Zaandam
1903,Aalten,Gelderland,1,1897,Doetinchem
1903,Almelo,Overijssel,1,1897,Almelo
1903,Amersfoort,Utrecht,3,1897,Amersfoort
1903,Ammerstol,Zuid-Holland,1,1897,Bodegraven
1903,Amsterdam,Noord-Holland,79,1897,Amsterdam
1903,Anloo,Drenthe,2,1897,NA
1903,Apeldoorn,Gelderland,1,1897,Apeldoorn
1903,Arnhem,Gelderland,4,1897,Arnhem
1903,Assen,Drenthe,1,1897,Assen
1903,Beemster,Noord-Holland,1,1897,Hoorn
1903,Bergeyk,Noord-Holland,1,1897,Eindhoven
1903,Bloemendaal,Noord-Holland,1,1897,Beverwijk
1903,Borger,Drenthe,2,1897,Emmen
1903,Borne,Overijssel,3,1897,Almelo
1903,Breda,Noord-Brabant,5,1897,Breda
1903,Brummen,Gelderland,1,1897,Zutphen
1903,Capelle a/d Ijssel,Zuid-Holland,1,1897,NA
1903,Den Bosch,Noord-Brabant,1,1897,Den Bosch
1903,Den Haag,Zuid-Holland,7,1897,Den Haag
1903,Deventer,Overijssel,2,1897,Deventer
1903,Emmen,Drenthe,1,1897,Emmen
1903,Enschede,Overijssel,5,1897,Enschede
1903,Gasselte,Drenthe,1,1897,Assen
1903,Goirle,Noord-Brabant,1,1897,Tilburg
1903,Groningen,Groningen,8,1897,Groningen
1903,Haarlem,Noord-Holland,10,1897,Haarlem
1903,Harlingen,Friesland,1,1897,Harlingen
1903,Helmond,Noord-Brabant,1,1897,Helmond
1903,Hengelo,Overijssel,1,1897,Enschede
1903,Hengelo,Overijssel,1,1897,Zutphen
1903,Hilversum,Noord-Holland,4,1897,Hilversum
1903,Kampen,Overijssel,1,1897,Kampen
1903,Leende,Noord-Brabant,1,1897,Helmond
1903,Leeuwarden,Friesland,2,1897,Leeuwarden
1903,Leiden,Zuid-Holland,4,1897,Leiden
1903,Lemsterland,Friesland,1,1897,Weststellingwerf
1903,Loon op Zand,Noord-Brabant,1,1897,Oosterhout
1903,Maassluis,Zuid-Holland,1,1897,Loosduinen
1903,Maurik,Noord-Brabant,1,1897,Tiel
1903,Meppel,Drenthe,1,1897,Meppel
1903,Naaldwijk,Zuid-Holland,1,1897,Loosduinen
1903,Nijmegen,Gelderland,1,1897,Nijmegen
1903,Oisterwijk,Noord-Brabant,1,1897,Tilburg
1903,Oldemarkt,Overijssel,1,1897,Steenwijk
1903,Opsterland,Friesland,1,1897,Schoterland
1903,Oudenbosch,Noord-Brabant,1,1897,Zevenbergen
1903,Pekela,Groningen,2,1897,NA
1903,Renkum,Gelderland,1,1897,Elst
1903,Roosendaal,Noord-Brabant,1,1897,Bergen op Zoom
1903,Rotterdam,Zuid-Holland,15,1897,Rotterdam
1903,Sappemeer,Groningen,4,1897,Veendam
1903,Slochteren,Groningen,1,1897,Hoogezand
1903,Steenwijk,Overijssel,1,1897,Steenwijk
1903,Termunten,Groningen,1,1897,Winschoten
1903,Terneuzen,Zeeland,1,1897,NA
1903,Tiel,Noord-Brabant,1,1897,Tiel
1903,Tietjerksteradeel,Friesland,1,1897,Tietjerksteradeel
1903,Utrecht,Utrecht,4,1897,Utrecht
1903,Veenendaal,Utrecht,1,1897,Ede
1903,Velsen,Noord-Holland,3,1897,Beverwijk
1903,Vianen,Zuid-Holland,1,1897,Sliedrecht
1903,Vlaardingen,Zuid-Holland,1,1897,Schiedam
1903,Vlagtwedde,Groningen,1,1897,Veendam
1903,Voorburg,Zuid-Holland,1,1897,Loosduinen
1903,Waalwijk,Noord-Brabant,1,1897,Waalwijk
1903,Wildervank,Groningen,3,1897,Assen
1903,Winschoten,Groningen,1,1897,Winschoten
1903,Zaandam,Noord-Holland,6,1897,Zaandam
1903,Zaandijk,Noord-Holland,1,1897,Zaandam
1903,Zutphen,Gelderland,3,1897,Zutphen
1904,Almelo,Overijssel,2,1897,Almelo
1904,Amsterdam,Noord-Holland,27,1897,Amsterdam
1904,Arnhem,Gelderland,4,1897,Arnhem
1904,Baarn,Utrecht,1,1897,Amersfoort
1904,Barradeel,Friesland,1,1897,Harlingen
1904,Bedum,Groningen,1,1897,Hoogezand
1904,Beemster,Noord-Holland,1,1897,Hoorn
1904,Beerta,Groningen,2,1897,Winschoten
1904,Borculo,Gelderland,1,1897,Lochem
1904,Borger,Drenthe,2,1897,Emmen
1904,Brummen,Gelderland,1,1897,Zutphen
1904,Delfzijl,Groningen,1,1897,Appingedam
1904,Den Haag,Zuid-Holland,6,1897,Den Haag
1904,Deventer,Overijssel,4,1897,Deventer
1904,Doetinchem,Gelderland,2,1897,NA
1904,Dordrecht,Zuid-Holland,1,1897,Dordrecht
1904,Ede,Gelderland,1,1897,Ede
1904,Emmen,Drenthe,1,1897,Emmen
1904,Enschede,Overijssel,1,1897,Enschede
1904,Finsterwolde,Groningen,2,1897,Winschoten
1904,Gasselte,Drenthe,1,1897,Assen
1904,Goirle,Noord-Brabant,2,1897,Tilburg
1904,Gouda,Zuid-Holland,1,1897,Gouda
1904,Groningen,Groningen,11,1897,Groningen
1904,Haarlem,Noord-Holland,2,1897,Haarlem
1904,Haarlemmermeer,Noord-Holland,1,1897,Haarlemmermeer
1904,Heerenveen,Friesland,2,1897,NA
1904,Helmond,Noord-Brabant,2,1897,Helmond
1904,Hilvarenbeek,Noord-Brabant,1,1897,Tilburg
1904,Hilversum,Noord-Holland,1,1897,Hilversum
1904,Hoogezand-,Groningen,1,1897,NA
1904,Kampen,Overijssel,1,1897,Kampen
1904,Leiden,Zuid-Holland,1,1897,Leiden
1904,Meeden,Groningen,1,1897,Veendam
1904,Naarden,Noord-Holland,1,1897,Hilversum
1904,Nijmegen,Gelderland,1,1897,Nijmegen
1904,Odoorn,Drenthe,1,1897,Emmen
1904,Oldenzaal,Overijssel,1,1897,Enschede
1904,Opsterland,Friesland,1,1897,Schoterland
1904,Oud-Beijer,Zuid-Holland,1,1897,NA
1904,Pekela,Groningen,2,1897,NA
1904,Purmerend,Noord-Holland,1,1897,Hoorn
1904,Raamsdonk,Noord-Brabant,1,1897,Zevenbergen
1904,Rijswijk,Zuid-Holland,2,1897,Gorinchem
1904,Rijswijk,Zuid-Holland,2,1897,Loosduinen
1904,Rotterdam,Zuid-Holland,5,1897,Rotterdam
1904,Sappemeer,Groningen,1,1897,Veendam
1904,Sloten,Noord-Holland,1,1897,Sneek
1904,Sloten,Noord-Holland,1,1897,Haarlemmermeer
1904,Smallingerland,Friesland,1,1897,Tietjerksteradeel
1904,Sprang-Capelle,Noord-Brabant,1,1897,NA
1904,Susteren,Limburg,1,1897,Roermond
1904,Tilburg,Noord-Brabant,2,1897,Tilburg
1904,Uithuizen,Groningen,1,1897,Appingedam
1904,Utrecht,Utrecht,4,1897,Utrecht
1904,Veenendaal,Utrecht,3,1897,Ede
1904,Vledder,Drenthe,3,1897,Weststellingwerf
1904,Waalwijk,Noord-Brabant,1,1897,Waalwijk
1904,Wageningen,Gelderland,2,1897,Elst
1904,Wildervank,Groningen,1,1897,Assen
1904,Winschoten,Groningen,3,1897,Winschoten
1904,Winsum,Groningen,1,1897,Zuidhorn
1904,Winterswijk,Overijssel,2,1897,Doetinchem
1904,Zaandam,Noord-Holland,1,1897,Zaandam
1904,Zaltbommel,Gelderland,1,1897,Druten
1904,Zoeterwoude,Zuid-Holland,1,1897,Katwijk
1904,Zwijndrecht,Zuid-Holland,1,1897,Dordrecht
1905,Amersfoort,Utrecht,1,1897,Amersfoort
1905,Amsterdam,Noord-Holland,62,1897,Amsterdam
1905,Borger,Drenthe,1,1897,Emmen
1905,Boxmeer,Noord-Brabant,1,1897,Grave
1905,Boxtel,Noord-Brabant,1,1897,Den Bosch
1905,Breda,Noord-Brabant,6,1897,Breda
1905,Delft,Zuid-Holland,2,1897,Delft
1905,Delfzijl,Groningen,1,1897,Appingedam
1905,Den Bosch,Noord-Brabant,1,1897,Den Bosch
1905,Den Haag,Zuid-Holland,19,1897,Den Haag
1905,Doorwerth,Gelderland,1,1897,Elst
1905,Eindhoven,Noord-Brabant,2,1897,Eindhoven
1905,Emmen,Drenthe,1,1897,Emmen
1905,Enschede,Overijssel,4,1897,Enschede
1905,Gemert,Noord-Brabant,1,1897,Veghel
1905,Groningen,Groningen,7,1897,Groningen
1905,Haarlem,Noord-Holland,6,1897,Haarlem
1905,Harlingen,Friesland,1,1897,Harlingen
1905,Hilversum,Noord-Holland,2,1897,Hilversum
1905,Hoogeloon,Noord-Brabant,1,1897,Eindhoven
1905,Jutphaas,Utrecht,1,1897,Wijk bij Duurstede
1905,Maarssen,Utrecht,1,1897,Breukelen
1905,Maastricht,Limburg,6,1897,Maastricht
1905,Middelburg,Zeeland,1,1897,Middelburg
1905,Muiden,Noord-Holland,1,1897,Hilversum
1905,Naarden,Noord-Holland,2,1897,Hilversum
1905,Nijmegen,Gelderland,1,1897,Nijmegen
1905,Odoorn,Drenthe,1,1897,Emmen
1905,Overschie,Zuid-Holland,2,1897,Schiedam
1905,Pekela,Groningen,2,1897,NA
1905,Rotterdam,Zuid-Holland,16,1897,Rotterdam
1905,Sappemeer,Groningen,1,1897,Veendam
1905,Sliedrecht,Zuid-Holland,1,1897,Sliedrecht
1905,Terneuzen,Zeeland,2,1897,NA
1905,Teteringen,Noord-Brabant,1,1897,Oosterhout
1905,Tiel,Noord-Brabant,1,1897,Tiel
1905,Tilburg,Noord-Brabant,3,1897,Tilburg
1905,Uden,Noord-Brabant,1,1897,Veghel
1905,Utrecht,Utrecht,2,1897,Utrecht
1905,Veendam,Groningen,1,1897,Veendam
1905,Velsen,Noord-Holland,1,1897,Beverwijk
1905,Vlaardingen,Zuid-Holland,1,1897,Schiedam
1905,Vledder,Drenthe,1,1897,Weststellingwerf
1905,Wageningen,Gelderland,1,1897,Elst
1905,Wijk bij Duurstede,Utrecht,1,1897,Wijk bij Duurstede
1905,Winschoten,Groningen,1,1897,Winschoten
1905,Wormerveer,Noord-Holland,1,1897,Zaandam
1905,Zaandam,Noord-Holland,1,1897,Zaandam
1905,Zwijndrecht,Zuid-Holland,1,1897,Dordrecht
1906,Alblasserdam,Zuid-Holland,1,1897,Sliedrecht
1906,Almelo,Overijssel,3,1897,Almelo
1906,Amsterdam,Noord-Holland,60,1897,Amsterdam
1906,Arnhem,Gelderland,5,1897,Arnhem
1906,Assen,Drenthe,2,1897,Assen
1906,Baarn,Utrecht,1,1897,Amersfoort
1906,Bemmel,Gelderland,1,1897,Elst
1906,Bergh,Gelderland,1,1897,Rheden
1906,Beverwijk,Noord-Holland,2,1897,Beverwijk
1906,Borger,Drenthe,3,1897,Emmen
1906,Breda,Noord-Brabant,3,1897,Breda
1906,Bussum,Noord-Holland,1,1897,Hilversum
1906,Castricum,Noord-Holland,1,1897,Beverwijk
1906,Culemborg,Gelderland,1,1897,Wijk bij Duurstede
1906,Delft,Zuid-Holland,1,1897,Delft
1906,Den Haag,Zuid-Holland,23,1897,Den Haag
1906,Deventer,Overijssel,2,1897,Deventer
1906,Dokkum,Friesland,1,1897,Dokkum
1906,Domburg,Zeeland,1,1897,Middelburg
1906,Doniawerstal,Friesland,1,1897,Sneek
1906,Dordrecht,Zuid-Holland,3,1897,Dordrecht
1906,Eindhoven,Noord-Brabant,4,1897,Eindhoven
1906,Elst,Gelderland,1,1897,Elst
1906,Emmen,Drenthe,4,1897,Emmen
1906,Enschede,Overijssel,4,1897,Enschede
1906,Finsterwolde,Groningen,1,1897,Winschoten
1906,Geertruidenberg,Noord-Brabant,1,1897,Zevenbergen
1906,Geldrop,Noord-Brabant,1,1897,Helmond
1906,Gieten,Drenthe,1,1897,Assen
1906,Gouda,Zuid-Holland,1,1897,Gouda
1906,Groningen,Groningen,9,1897,Groningen
1906,Haarlem,Noord-Holland,2,1897,Haarlem
1906,"Ham, den",Overijssel,1,1897,NA
1906,Helmond,Noord-Brabant,1,1897,Helmond
1906,Hilversum,Noord-Holland,3,1897,Hilversum
1906,Holten,Overijssel,1,1897,Ommen
1906,Kantens,Groningen,1,1897,Appingedam
1906,Krommenie,Noord-Holland,2,1897,Beverwijk
1906,Leeuwarden,Friesland,1,1897,Leeuwarden
1906,Leiden,Zuid-Holland,4,1897,Leiden
1906,Leiderdorp,Zuid-Holland,1,1897,Katwijk
1906,Leidschendam,Zuid-Holland,1,1897,NA
1906,Loppersum,Groningen,3,1897,Appingedam
1906,Meeden,Groningen,1,1897,Veendam
1906,Muiden,Noord-Holland,1,1897,Hilversum
1906,Nijmegen,Gelderland,1,1897,Nijmegen
1906,Odoorn,Drenthe,3,1897,Emmen
1906,Onstwedde,Groningen,1,1897,Veendam
1906,Oosterhout,Noord-Brabant,1,1897,Oosterhout
1906,Pekela,Groningen,1,1897,NA
1906,Purmerend,Noord-Holland,1,1897,Hoorn
1906,Renkum,Gelderland,1,1897,Elst
1906,Rijssen,Overijssel,1,1897,Almelo
1906,Rilland-Bath,Zeeland,1,1897,Hontenisse
1906,Rotterdam,Zuid-Holland,23,1897,Rotterdam
1906,Schiedam,Zuid-Holland,1,1897,Schiedam
1906,Sneek,Friesland,1,1897,Sneek
1906,Sommelsdijk,Zuid-Holland,1,1897,Zierikzee
1906,Stedum,Groningen,1,1897,Appingedam
1906,Termunten,Groningen,1,1897,Winschoten
1906,Terneuzen,Zeeland,1,1897,NA
1906,Tiel,Noord-Brabant,1,1897,Tiel
1906,Tilburg,Noord-Brabant,1,1897,Tilburg
1906,Utrecht,Utrecht,2,1897,Utrecht
1906,Veendam,Groningen,1,1897,Veendam
1906,Veenendaal,Utrecht,5,1897,Ede
1906,Vlissingen,Zeeland,2,1897,Middelburg
1906,Wageningen,Gelderland,4,1897,Elst
1906,Waspik,Noord-Brabant,1,1897,Waalwijk
1906,Wassenaar,Zuid-Holland,2,1897,Katwijk
1906,Weesp,Noord-Holland,1,1897,Hilversum
1906,Westkapelle,Zeeland,1,1897,Middelburg
1906,Weststellingwerf,Friesland,2,1897,Weststellingwerf
1906,Winschoten,Groningen,3,1897,Winschoten
1906,Winsum,Groningen,1,1897,Zuidhorn
1906,Zaandam,Noord-Holland,2,1897,Zaandam
1906,Zierikzee,Zeeland,1,1897,Zierikzee
1906,Zwijndrecht,Zuid-Holland,1,1897,Dordrecht
1907,Almelo,Overijssel,3,1897,Almelo
1907,Ammerstol,Zuid-Holland,1,1897,Bodegraven
1907,Amsterdam,Noord-Holland,51,1897,Amsterdam
1907,Appingedam,Groningen,1,1897,Appingedam
1907,Arnhem,Gelderland,2,1897,Arnhem
1907,Beerta,Groningen,2,1897,Winschoten
1907,Bemmel,Gelderland,1,1897,Elst
1907,Boxtel,Noord-Brabant,1,1897,Den Bosch
1907,Breda,Noord-Brabant,1,1897,Breda
1907,Bussum,Noord-Holland,1,1897,Hilversum
1907,Culemborg,Gelderland,1,1897,Wijk bij Duurstede
1907,Delden,Overijssel,1,1897,NA
1907,Delft,Zuid-Holland,4,1897,Delft
1907,Den Bosch,Noord-Brabant,2,1897,Den Bosch
1907,Den Haag,Zuid-Holland,5,1897,Den Haag
1907,Deventer,Overijssel,9,1897,Deventer
1907,Doniawerstal,Friesland,1,1897,Sneek
1907,Dordrecht,Zuid-Holland,3,1897,Dordrecht
1907,Eindhoven,Noord-Brabant,5,1897,Eindhoven
1907,Emmen,Drenthe,1,1897,Emmen
1907,Enschede,Overijssel,5,1897,Enschede
1907,Finsterwolde,Groningen,1,1897,Winschoten
1907,Goor,Overijssel,1,1897,Lochem
1907,Gouda,Zuid-Holland,2,1897,Gouda
1907,Groningen,Groningen,2,1897,Groningen
1907,Haarlem,Noord-Holland,4,1897,Haarlem
1907,Haskerland,Friesland,2,1897,Schoterland
1907,Heerenveen,Friesland,1,1897,NA
1907,Helmond,Noord-Brabant,3,1897,Helmond
1907,Hengelo,Overijssel,2,1897,Enschede
1907,Hengelo,Overijssel,2,1897,Zutphen
1907,Kampen,Overijssel,1,1897,Kampen
1907,Klaaswaal,Zuid-Holland,1,1897,Ridderkerk
1907,Krimpen ad Ijssel,Zuid-Holland,1,1897,NA
1907,Krommenie,Noord-Holland,2,1897,Beverwijk
1907,Leeuwarden,Friesland,2,1897,Leeuwarden
1907,Leiden,Zuid-Holland,2,1897,Leiden
1907,Maastricht,Limburg,3,1897,Maastricht
1907,Muiden,Noord-Holland,1,1897,Hilversum
1907,Nieuwer Amstel,Noord-Holland,1,1897,NA
1907,Odoorn,Drenthe,1,1897,Emmen
1907,Onbekend,België / Belgium,1,1897,NA
1907,Ooststelli,Friesland,1,1897,NA
1907,Pekela,Groningen,1,1897,NA
1907,Rheden,Gelderland,1,1897,Rheden
1907,Rhenen,Utrecht,1,1897,Ede
1907,Rotterdam,Zuid-Holland,27,1897,Rotterdam
1907,Sappemeer,Groningen,1,1897,Veendam
1907,Scheemda,Groningen,3,1897,Winschoten
1907,Sloten,Noord-Holland,1,1897,Sneek
1907,Sloten,Noord-Holland,1,1897,Haarlemmermeer
1907,Smallingerland,Friesland,1,1897,Tietjerksteradeel
1907,Stratum,Noord-Brabant,2,1897,Eindhoven
1907,Termunten,Groningen,1,1897,Winschoten
1907,Tiel,Noord-Brabant,1,1897,Tiel
1907,Uden,Noord-Brabant,1,1897,Veghel
1907,Utrecht,Utrecht,2,1897,Utrecht
1907,Veendam,Groningen,1,1897,Veendam
1907,Venray,Limburg,1,1897,NA
1907,Vianen,Zuid-Holland,2,1897,Sliedrecht
1907,Vlaardingen,Zuid-Holland,2,1897,Schiedam
1907,Vught,Noord-Brabant,1,1897,Den Bosch
1907,Wageningen,Gelderland,5,1897,Elst
1907,Weesp,Noord-Holland,1,1897,Hilversum
1907,Werkendam,Noord-Brabant,1,1897,Gorinchem
1907,Winschoten,Groningen,1,1897,Winschoten
1907,Zaandam,Noord-Holland,1,1897,Zaandam
1907,Zaltbommel,Gelderland,1,1897,Druten
1907,Zierikzee,Zeeland,1,1897,Zierikzee
1907,Zutphen,Gelderland,1,1897,Zutphen
1908,Alkmaar,Noord-Holland,1,1897,Alkmaar
1908,Almelo,Overijssel,3,1897,Almelo
1908,Amsterdam,Noord-Holland,18,1897,Amsterdam
1908,Apeldoorn,Gelderland,4,1897,Apeldoorn
1908,Appingedam,Groningen,2,1897,Appingedam
1908,Arnhem,Gelderland,5,1897,Arnhem
1908,Avereest,Overijssel,1,1897,Meppel
1908,Borculo,Gelderland,1,1897,Lochem
1908,Borger,Drenthe,2,1897,Emmen
1908,Breda,Noord-Brabant,3,1897,Breda
1908,Bussum,Noord-Holland,1,1897,Hilversum
1908,Delft,Zuid-Holland,1,1897,Delft
1908,Den Bosch,Noord-Brabant,1,1897,Den Bosch
1908,Den Haag,Zuid-Holland,8,1897,Den Haag
1908,Deventer,Overijssel,3,1897,Deventer
1908,Diemen,Noord-Holland,3,1897,Hilversum
1908,Dordrecht,Zuid-Holland,2,1897,Dordrecht
1908,Druten,Gelderland,1,1897,Druten
1908,Ede,Gelderland,2,1897,Ede
1908,Eindhoven,Noord-Brabant,4,1897,Eindhoven
1908,Enschede,Overijssel,1,1897,Enschede
1908,Geldrop,Noord-Brabant,1,1897,Helmond
1908,Goirle,Noord-Brabant,3,1897,Tilburg
1908,Gouda,Zuid-Holland,2,1897,Gouda
1908,Groningen,Groningen,2,1897,Groningen
1908,Haarlem,Noord-Holland,1,1897,Haarlem
1908,Haarlemmermeer,Noord-Holland,3,1897,Haarlemmermeer
1908,"Ham, den",Overijssel,2,1897,NA
1908,Haskerland,Friesland,1,1897,Schoterland
1908,Heerenveen,Friesland,1,1897,NA
1908,Hilvarenbeek,Noord-Brabant,1,1897,Tilburg
1908,Hoogezand-,Groningen,1,1897,NA
1908,Laren,Noord-Holland,1,1897,Hilversum
1908,Laren,Noord-Holland,1,1897,Lochem
1908,Leeuwarden,Friesland,2,1897,Leeuwarden
1908,Leiden,Zuid-Holland,1,1897,Leiden
1908,Maastricht,Limburg,1,1897,Maastricht
1908,Meeden,Groningen,1,1897,Veendam
1908,Midwolda,Groningen,2,1897,Winschoten
1908,Moergestel,Noord-Brabant,2,1897,Tilburg
1908,Muiden,Noord-Holland,2,1897,Hilversum
1908,Nijkerk,Gelderland,1,1897,Ede
1908,Nijmegen,Gelderland,1,1897,Nijmegen
1908,Odoorn,Drenthe,1,1897,Emmen
1908,Oisterwijk,Noord-Brabant,1,1897,Tilburg
1908,Onstwedde,Groningen,1,1897,Veendam
1908,Opsterland,Friesland,2,1897,Schoterland
1908,Ouder-Amstel,Noord-Holland,1,1897,Hilversum
1908,Pekela,Groningen,3,1897,NA
1908,Poortugaal,Zuid-Holland,1,1897,Brielle
1908,Renkum,Gelderland,1,1897,Elst
1908,Rheden,Gelderland,1,1897,Rheden
1908,Rijswijk,Zuid-Holland,1,1897,Gorinchem
1908,Rijswijk,Zuid-Holland,1,1897,Loosduinen
1908,Rotterdam,Zuid-Holland,19,1897,Rotterdam
1908,Sliedrecht,Zuid-Holland,1,1897,Sliedrecht
1908,Sloten,Noord-Holland,1,1897,Sneek
1908,Sloten,Noord-Holland,1,1897,Haarlemmermeer
1908,Sluis,Zeeland,2,1897,Oostburg
1908,Steenwijkerwold,Overijssel,1,1897,Steenwijk
1908,Ten Boer,Groningen,1,1897,Hoogezand
1908,Tiel,Noord-Brabant,2,1897,Tiel
1908,Tilburg,Noord-Brabant,3,1897,Tilburg
1908,Utrecht,Utrecht,1,1897,Utrecht
1908,Veenendaal,Utrecht,3,1897,Ede
1908,Vlaardingen,Zuid-Holland,1,1897,Schiedam
1908,Vlagtwedde,Groningen,1,1897,Veendam
1908,Wageningen,Gelderland,1,1897,Elst
1908,Weststellingwerf,Friesland,1,1897,Weststellingwerf
1908,Wijhe,Overijssel,1,1897,Zwolle
1908,Winschoten,Groningen,1,1897,Winschoten
1908,Winterswijk,Overijssel,1,1897,Doetinchem
1908,Woensel,Noord-Brabant,1,1897,Eindhoven
1908,Zutphen,Gelderland,2,1897,Zutphen
1909,Alkmaar,Noord-Holland,2,1897,Alkmaar
1909,Amersfoort,Utrecht,1,1897,Amersfoort
1909,Amsterdam,Noord-Holland,63,1897,Amsterdam
1909,Apeldoorn,Gelderland,3,1897,Apeldoorn
1909,Arnhem,Gelderland,2,1897,Arnhem
1909,Assen,Drenthe,1,1897,Assen
1909,Bedum,Friesland,1,1897,Hoogezand
1909,Beek en Donk,Noord-Brabant,1,1897,Veghel
1909,Beerta,Groningen,2,1897,Winschoten
1909,Beilen,Drenthe,2,1897,Emmen
1909,Bergen op Zoom,Noord-Brabant,1,1897,Bergen op Zoom
1909,Best,Noord-Brabant,3,1897,Eindhoven
1909,Beverwijk,Noord-Holland,1,1897,Beverwijk
1909,Bolsward,Friesland,2,1897,Harlingen
1909,Breda,Noord-Brabant,1,1897,Breda
1909,Cuyk,Noord-Brabant,1,1897,NA
1909,Delft,Zuid-Holland,2,1897,Delft
1909,Den Bosch,Noord-Brabant,1,1897,Den Bosch
1909,Den Haag,Zuid-Holland,7,1897,Den Haag
1909,Deventer,Overijssel,2,1897,Deventer
1909,Doesburg,Gelderland,1,1897,Zutphen
1909,Doetinchem,Gelderland,1,1897,NA
1909,Dordrecht,Zuid-Holland,3,1897,Dordrecht
1909,Druten,Gelderland,1,1897,Druten
1909,Eindhoven,Noord-Brabant,3,1897,Eindhoven
1909,Emmen,Drenthe,2,1897,Emmen
1909,Enschede,Overijssel,2,1897,Enschede
1909,Finsterwolde,Groningen,2,1897,Winschoten
1909,Goor,Overijssel,1,1897,Lochem
1909,Gouda,Zuid-Holland,2,1897,Gouda
1909,Groningen,Groningen,7,1897,Groningen
1909,Haarlem,Noord-Holland,1,1897,Haarlem
1909,Helmond,Noord-Brabant,1,1897,Helmond
1909,Hilvarenbeek,Noord-Brabant,1,1897,Tilburg
1909,Hilversum,Noord-Holland,2,1897,Hilversum
1909,Hoorn,Noord-Holland,3,1897,Hoorn
1909,Leeuwarden,Friesland,4,1897,Leeuwarden
1909,Leiden,Zuid-Holland,1,1897,Leiden
1909,Lieshout,Noord-Brabant,1,1897,Veghel
1909,Lochem,Gelderland,2,1897,Lochem
1909,Loon op Zand,Noord-Brabant,3,1897,Oosterhout
1909,Maastricht,Limburg,1,1897,Maastricht
1909,Nijmegen,Gelderland,2,1897,Nijmegen
1909,Oldekerk,Groningen,1,1897,Zuidhorn
1909,Onstwedde,Groningen,1,1897,Veendam
1909,Oost-Soubu,Zeeland,1,1897,NA
1909,Oudenbosch,Noord-Brabant,1,1897,Zevenbergen
1909,Pekela,Groningen,1,1897,NA
1909,Purmerend,Noord-Holland,2,1897,Hoorn
1909,Renkum,Gelderland,1,1897,Elst
1909,Rheden,Gelderland,4,1897,Rheden
1909,Rotterdam,Zuid-Holland,15,1897,Rotterdam
1909,Sleen,Drenthe,1,1897,Emmen
1909,Stratum,Noord-Brabant,1,1897,Eindhoven
1909,Tilburg,Noord-Brabant,2,1897,Tilburg
1909,Ulrum,Groningen,1,1897,Zuidhorn
1909,Urk,Overijssel,1,1897,Enkhuizen
1909,Utrecht,Utrecht,4,1897,Utrecht
1909,Velsen,Noord-Holland,1,1897,Beverwijk
1909,Venray,Limburg,1,1897,NA
1909,Vlaardingen,Zuid-Holland,2,1897,Schiedam
1909,Vlissingen,Zeeland,1,1897,Middelburg
1909,Vries,Drenthe,1,1897,Assen
1909,Wageningen,Gelderland,3,1897,Elst
1909,Watergraaf,Noord-Holland,1,1897,NA
1909,Weststellingwerf,Friesland,2,1897,Weststellingwerf
1909,Wildervank,Groningen,2,1897,Assen
1909,Winschoten,Groningen,1,1897,Winschoten
1909,Zaandam,Noord-Holland,1,1897,Zaandam
1909,Zutphen,Gelderland,2,1897,Zutphen
1910,Alkmaar,Noord-Holland,1,1897,Alkmaar
1910,Amersfoort,Utrecht,3,1897,Amersfoort
1910,Amsterdam,Noord-Holland,57,1897,Amsterdam
1910,Arnhem,Gelderland,5,1897,Arnhem
1910,Assen,Drenthe,1,1897,Assen
1910,Bellingwolde,Groningen,2,1897,Winschoten
1910,Beverwijk,Noord-Holland,1,1897,Beverwijk
1910,Breda,Noord-Brabant,1,1897,Breda
1910,Delft,Zuid-Holland,4,1897,Delft
1910,Den Bosch,Noord-Brabant,1,1897,Den Bosch
1910,Den Haag,Zuid-Holland,20,1897,Den Haag
1910,Deventer,Overijssel,1,1897,Deventer
1910,Diemen,Noord-Holland,3,1897,Hilversum
1910,Dordrecht,Zuid-Holland,1,1897,Dordrecht
1910,Eindhoven,Noord-Brabant,3,1897,Eindhoven
1910,Enschede,Overijssel,3,1897,Enschede
1910,Gemert,Noord-Brabant,1,1897,Veghel
1910,Gouda,Zuid-Holland,1,1897,Gouda
1910,Groningen,Groningen,2,1897,Groningen
1910,Haarlem,Noord-Holland,1,1897,Haarlem
1910,Heerenveen,Friesland,1,1897,NA
1910,Helmond,Noord-Brabant,1,1897,Helmond
1910,Hengelo,Overijssel,2,1897,Enschede
1910,Hengelo,Overijssel,2,1897,Zutphen
1910,Hilversum,Noord-Holland,3,1897,Hilversum
1910,Hoorn,Noord-Holland,1,1897,Hoorn
1910,Leerdam,Zuid-Holland,1,1897,Sliedrecht
1910,Leiden,Zuid-Holland,1,1897,Leiden
1910,Leiderdorp,Zuid-Holland,2,1897,Katwijk
1910,Loon op Zand,Noord-Brabant,2,1897,Oosterhout
1910,Midwolda,Groningen,1,1897,Winschoten
1910,Nieuwe Schans,Groningen,2,1897,NA
1910,Oldenzaal,Overijssel,2,1897,Enschede
1910,onbekend,Onbekend / Unknown,1,1897,NA
1910,Rhenen,Utrecht,1,1897,Ede
1910,Rotterdam,Zuid-Holland,12,1897,Rotterdam
1910,Sappemeer,Groningen,1,1897,Veendam
1910,Schiedam,Zuid-Holland,1,1897,Schiedam
1910,Tegelen,Limburg,1,1897,Venlo
1910,Termunten,Groningen,1,1897,Winschoten
1910,Tiel,Noord-Brabant,1,1897,Tiel
1910,Tilburg,Noord-Brabant,2,1897,Tilburg
1910,Utrecht,Utrecht,5,1897,Utrecht
1910,Veenendaal,Utrecht,2,1897,Ede
1910,Veghel,Noord-Brabant,1,1897,Veghel
1910,Veldhoven,Noord-Brabant,1,1897,Eindhoven
1910,Vlagtwedde,Groningen,1,1897,Veendam
1910,Waalwijk,Noord-Brabant,1,1897,Waalwijk
1910,Watergraaf,Noord-Holland,1,1897,NA
1910,Weststellingwerf,Friesland,1,1897,Weststellingwerf
1910,Zaandam,Noord-Holland,1,1897,Zaandam
1910,Zeist,Utrecht,1,1897,Amersfoort
1910,Zutphen,Gelderland,1,1897,Zutphen
1910,Zwolle,Overijssel,1,1897,Zwolle
1911,Achtkarspelen,Friesland,1,1897,Tietjerksteradeel
1911,Almelo,Overijssel,1,1897,Almelo
1911,Amerongen,Utrecht,1,1897,Ede
1911,Amersfoort,Utrecht,2,1897,Amersfoort
1911,Amsterdam,Noord-Holland,81,1897,Amsterdam
1911,Arnhem,Gelderland,4,1897,Arnhem
1911,Asten,Noord-Brabant,1,1897,Helmond
1911,Bellingwolde,Groningen,2,1897,Winschoten
1911,Borne,Overijssel,1,1897,Almelo
1911,Coevorden,Drenthe,1,1897,Emmen
1911,Delft,Zuid-Holland,3,1897,Delft
1911,Den Bosch,Noord-Brabant,2,1897,Den Bosch
1911,Den Haag,Zuid-Holland,16,1897,Den Haag
1911,Deventer,Overijssel,1,1897,Deventer
1911,Dordrecht,Zuid-Holland,2,1897,Dordrecht
1911,Eindhoven,Noord-Brabant,3,1897,Eindhoven
1911,Emmen,Drenthe,5,1897,Emmen
1911,Enschede,Overijssel,3,1897,Enschede
1911,Geldrop,Noord-Brabant,1,1897,Helmond
1911,Goor,Overijssel,1,1897,Lochem
1911,Gouda,Zuid-Holland,3,1897,Gouda
1911,Groningen,Groningen,2,1897,Groningen
1911,Haarlem,Noord-Holland,2,1897,Haarlem
1911,Havelte,Drenthe,1,1897,Weststellingwerf
1911,Heerlen,Limburg,1,1897,Gulpen
1911,Helmond,Noord-Brabant,2,1897,Helmond
1911,Hendrik Ido Ambacht,Zuid-Holland,1,1897,NA
1911,Hilvarenbeek,Noord-Brabant,1,1897,Tilburg
1911,Hilversum,Noord-Holland,1,1897,Hilversum
1911,Ilpendam,Noord-Holland,1,1897,Zaandam
1911,Leerdam,Zuid-Holland,1,1897,Sliedrecht
1911,Leeuwarden,Friesland,2,1897,Leeuwarden
1911,Maassluis,Zuid-Holland,2,1897,Loosduinen
1911,Maastricht,Limburg,2,1897,Maastricht
1911,Naaldwijk,Zuid-Holland,1,1897,Loosduinen
1911,Naarden,Noord-Holland,1,1897,Hilversum
1911,Oirschot,Noord-Brabant,1,1897,Eindhoven
1911,Oldenzaal,Overijssel,1,1897,Enschede
1911,Onstwedde,Groningen,1,1897,Veendam
1911,Oosterhesselen,Drenthe,1,1897,Emmen
1911,Opsterland,Friesland,1,1897,Schoterland
1911,Pekela,Groningen,1,1897,NA
1911,Rheden,Gelderland,3,1897,Rheden
1911,Rotterdam,Zuid-Holland,38,1897,Rotterdam
1911,Schiedam,Zuid-Holland,4,1897,Schiedam
1911,Sloten,Noord-Holland,1,1897,Sneek
1911,Sloten,Noord-Holland,1,1897,Haarlemmermeer
1911,Smallingerland,Friesland,1,1897,Tietjerksteradeel
1911,Sneek,Friesland,3,1897,Sneek
1911,Utrecht,Utrecht,2,1897,Utrecht
1911,Veenendaal,Utrecht,1,1897,Ede
1911,Velsen,Noord-Holland,7,1897,Beverwijk
1911,Vlaardingen,Zuid-Holland,1,1897,Schiedam
1911,Vlissingen,Zeeland,3,1897,Middelburg
1911,Waalwijk,Noord-Brabant,1,1897,Waalwijk
1911,Wageningen,Gelderland,1,1897,Elst
1911,Warnsveld,Gelderland,1,1897,Zutphen
1911,Weesp,Noord-Holland,1,1897,Hilversum
1911,Westervoort,Gelderland,1,1897,Rheden
1911,Weststellingwerf,Friesland,5,1897,Weststellingwerf
1911,Winterswijk,Overijssel,1,1897,Doetinchem
1911,Woensel,Noord-Brabant,1,1897,Eindhoven
1911,Wormer,Noord-Holland,1,1897,Zaandam
1911,Wormerveer,Noord-Holland,5,1897,Zaandam
1911,Zaandam,Noord-Holland,3,1897,Zaandam
1911,Zoelen,Gelderland,1,1897,Tiel
1911,Zutphen,Gelderland,1,1897,Zutphen
1912,Alkmaar,Noord-Holland,3,1897,Alkmaar
1912,Almelo,Overijssel,2,1897,Almelo
1912,Amsterdam,Noord-Holland,89,1897,Amsterdam
1912,Anloo,Drenthe,1,1897,NA
1912,Axel,Zeeland,2,1897,Oostburg
1912,Baflo,Groningen,2,1897,Appingedam
1912,Bedum,Friesland,2,1897,Hoogezand
1912,Beemster,Noord-Holland,1,1897,Hoorn
1912,Bergen,Noord-Holland,1,1897,Alkmaar
1912,Bergen,Noord-Holland,1,1897,Venlo
1912,Bergeyk,Noord-Holland,1,1897,Eindhoven
1912,"Bildt, Het",Friesland,1,1897,NA
1912,Borger,Drenthe,1,1897,Emmen
1912,Boskoop,Zuid-Holland,1,1897,Gouda
1912,Breda,Noord-Brabant,1,1897,Breda
1912,Brunssum,Limburg,1,1897,Sittard
1912,Bussum,Noord-Holland,1,1897,Hilversum
1912,Coevorden,Drenthe,1,1897,Emmen
1912,Delft,Zuid-Holland,3,1897,Delft
1912,Delfzijl,Groningen,2,1897,Appingedam
1912,Den Bosch,Noord-Brabant,4,1897,Den Bosch
1912,Den Haag,Zuid-Holland,15,1897,Den Haag
1912,Deventer,Overijssel,4,1897,Deventer
1912,Dirksland,Zuid-Holland,1,1897,Zierikzee
1912,Domburg,Zeeland,1,1897,Middelburg
1912,Dordrecht,Zuid-Holland,2,1897,Dordrecht
1912,Echteld,Gelderland,1,1897,Tiel
1912,Eindhoven,Noord-Brabant,2,1897,Eindhoven
1912,Emmen,Drenthe,3,1897,Emmen
1912,Enkhuizen,Noord-Holland,2,1897,Enkhuizen
1912,Enschede,Overijssel,1,1897,Enschede
1912,Ermelo,Gelderland,1,1897,Apeldoorn
1912,Finsterwolde,Groningen,1,1897,Winschoten
1912,Gaasterland,Friesland,1,1897,Sneek
1912,Goor,Overijssel,2,1897,Lochem
1912,Gouda,Zuid-Holland,2,1897,Gouda
1912,Groningen,Groningen,6,1897,Groningen
1912,Haarlem,Noord-Holland,1,1897,Haarlem
1912,Harlingen,Friesland,3,1897,Harlingen
1912,Haskerland,Friesland,2,1897,Schoterland
1912,Hattem,Gelderland,1,1897,Kampen
1912,Helmond,Noord-Brabant,2,1897,Helmond
1912,Hendrik Ido Ambacht,Zuid-Holland,1,1897,NA
1912,Hoedekensk,Zeeland,1,1897,NA
1912,Hoogeveen,Drenthe,1,1897,Meppel
1912,Hoogezand-,Groningen,4,1897,NA
1912,Hoorn,Noord-Holland,1,1897,Hoorn
1912,Koog ad Zaan,Noord-Holland,3,1897,NA
1912,Krabbendijke,Zeeland,1,1897,Hontenisse
1912,Krommenie,Noord-Holland,1,1897,Beverwijk
1912,Kruiningen,Zeeland,1,1897,Hontenisse
1912,Leerdam,Zuid-Holland,1,1897,Sliedrecht
1912,Leiden,Zuid-Holland,5,1897,Leiden
1912,Lochem,Gelderland,1,1897,Lochem
1912,Maastricht,Limburg,1,1897,Maastricht
1912,Medemblik,Noord-Holland,1,1897,Enkhuizen
1912,Menaldumadeel,Friesland,2,1897,Franeker
1912,Middelburg,Zeeland,1,1897,Middelburg
1912,Middelhanrnis,Zuid-Holland,1,1897,NA
1912,Midwolda,Groningen,2,1897,Winschoten
1912,Nieuw Lekkerkerk,Zuid-Holland,1,1897,NA
1912,Noordbroek,Groningen,1,1897,Winschoten
1912,Noorddijk,Groningen,1,1897,Hoogezand
1912,Noordwijk,Zuid-Holland,1,1897,Katwijk
1912,Odoorn,Drenthe,4,1897,Emmen
1912,Oldenzaal,Overijssel,1,1897,Enschede
1912,Onstwedde,Groningen,3,1897,Veendam
1912,Oostburg,Zeeland,1,1897,Oostburg
1912,Oosthuizen,Noord-Holland,1,1897,Hoorn
1912,Ooststelli,Friesland,1,1897,NA
1912,Oostvoorne,Zuid-Holland,1,1897,Brielle
1912,Ouder-Amstel,Noord-Holland,2,1897,Hilversum
1912,Peize,Drenthe,1,1897,Assen
1912,Pekela,Groningen,2,1897,NA
1912,Poortugaal,Zuid-Holland,1,1897,Brielle
1912,Rheden,Gelderland,1,1897,Rheden
1912,Rotterdam,Zuid-Holland,31,1897,Rotterdam
1912,Schiedam,Zuid-Holland,9,1897,Schiedam
1912,Schoonhoven,Zuid-Holland,1,1897,Bodegraven
1912,Sleen,Drenthe,1,1897,Emmen
1912,Sliedrecht,Zuid-Holland,1,1897,Sliedrecht
1912,Slochteren,Groningen,1,1897,Hoogezand
1912,Sloten,Noord-Holland,1,1897,Sneek
1912,Sloten,Noord-Holland,1,1897,Haarlemmermeer
1912,Smallingerland,Friesland,1,1897,Tietjerksteradeel
1912,Stratum,Noord-Brabant,1,1897,Eindhoven
1912,Tegelen,Limburg,1,1897,Venlo
1912,Termunten,Groningen,1,1897,Winschoten
1912,Terneuzen,Zeeland,1,1897,NA
1912,Tiel,Noord-Brabant,2,1897,Tiel
1912,Tilburg,Noord-Brabant,3,1897,Tilburg
1912,Uithuizen,Groningen,2,1897,Appingedam
1912,Uithuizermeeden,Groningen,1,1897,Appingedam
1912,Usquert,Groningen,1,1897,Appingedam
1912,Utrecht,Utrecht,3,1897,Utrecht
1912,Valkenswaard,Noord-Brabant,1,1897,Eindhoven
1912,Veendam,Groningen,2,1897,Veendam
1912,Veenendaal,Utrecht,3,1897,Ede
1912,Veere,Zeeland,1,1897,Middelburg
1912,Velsen,Noord-Holland,3,1897,Beverwijk
1912,Venlo,Limburg,1,1897,Venlo
1912,Vlaardingen,Zuid-Holland,2,1897,Schiedam
1912,Vlagtwedde,Groningen,2,1897,Veendam
1912,Vreeswijk,Utrecht,1,1897,Wijk bij Duurstede
1912,Waalre,Noord-Brabant,1,1897,Helmond
1912,Waalwijk,Noord-Brabant,1,1897,Waalwijk
1912,Wageningen,Gelderland,2,1897,Elst
1912,Weststellingwerf,Friesland,3,1897,Weststellingwerf
1912,Wildervank,Groningen,3,1897,Assen
1912,Winterswijk,Overijssel,3,1897,Doetinchem
1912,Wonseradeel,Friesland,4,1897,Harlingen
1912,Wormerveer,Noord-Holland,3,1897,Zaandam
1912,Woudenberg,Utrecht,1,1897,Amersfoort
1912,Zaandam,Noord-Holland,4,1897,Zaandam
1912,Zaltbommel,Gelderland,1,1897,Druten
1912,Zandt 't,Groningen,1,1897,NA
1912,Zeist,Utrecht,1,1897,Amersfoort
1912,Zijpe,Noord-Holland,2,1897,NA
1912,Zuidbroek,Groningen,1,1897,Winschoten
1912,Zwijndrecht,Zuid-Holland,1,1897,Dordrecht
1913,Abcoude,Utrecht,1,1897,NA
1913,Almelo,Overijssel,5,1897,Almelo
1913,Alphen ad Rijn,Zuid-Holland,2,1897,NA
1913,Ameide,Zuid-Holland,1,1897,Sliedrecht
1913,Amsterdam,Noord-Holland,139,1897,Amsterdam
1913,Anloo,Drenthe,1,1897,NA
1913,Appingedam,Groningen,1,1897,Appingedam
1913,Arnhem,Gelderland,6,1897,Arnhem
1913,Assen,Drenthe,5,1897,Assen
1913,Barradeel,Friesland,5,1897,Harlingen
1913,Beemster,Noord-Holland,1,1897,Hoorn
1913,Beverwijk,Noord-Holland,2,1897,Beverwijk
1913,Bierum,Groningen,1,1897,Appingedam
1913,Bolsward,Friesland,1,1897,Harlingen
1913,Borger,Drenthe,2,1897,Emmen
1913,Borne,Overijssel,1,1897,Almelo
1913,Breda,Noord-Brabant,2,1897,Breda
1913,Bussum,Noord-Holland,3,1897,Hilversum
1913,Culemborg,Gelderland,1,1897,Wijk bij Duurstede
1913,Delft,Zuid-Holland,1,1897,Delft
1913,Delfzijl,Groningen,7,1897,Appingedam
1913,Den Bosch,Noord-Brabant,4,1897,Den Bosch
1913,Den Haag,Zuid-Holland,21,1897,Den Haag
1913,Den Helder,Noord-Holland,1,1897,NA
1913,Deventer,Overijssel,8,1897,Deventer
1913,Dinteloord,Noord-Brabant,1,1897,Zevenbergen
1913,Dodewaard,Gelderland,1,1897,Tiel
1913,Doetinchem,Gelderland,1,1897,NA
1913,Dordrecht,Zuid-Holland,2,1897,Dordrecht
1913,Druten,Gelderland,1,1897,Druten
1913,Ede,Gelderland,1,1897,Ede
1913,Eindhoven,Noord-Brabant,2,1897,Eindhoven
1913,Emmen,Drenthe,4,1897,Emmen
1913,Enkhuizen,Noord-Holland,2,1897,Enkhuizen
1913,Enschede,Overijssel,4,1897,Enschede
1913,Ferwerderadeel,Friesland,1,1897,Dokkum
1913,Fijnaart/H,Noord-Brabant,1,1897,NA
1913,Finsterwolde,Groningen,2,1897,Winschoten
1913,Franeker,Friesland,1,1897,Franeker
1913,Gasselte,Drenthe,1,1897,Assen
1913,Geldermalsen,Gelderland,1,1897,Tiel
1913,Gorinchem,Zuid-Holland,1,1897,Gorinchem
1913,Gouda,Zuid-Holland,3,1897,Gouda
1913,Grave,Noord-Brabant,1,1897,Grave
1913,Groesbeek,Gelderland,2,1897,Nijmegen
1913,Groningen,Groningen,6,1897,Groningen
1913,Haarlem,Noord-Holland,9,1897,Haarlem
1913,Hardenberg,Overijssel,2,1897,NA
1913,Harderwijk,Overijssel,1,1897,Apeldoorn
1913,Harlingen,Friesland,1,1897,Harlingen
1913,Hellendoorn,Overijssel,1,1897,Ommen
1913,Helmond,Noord-Brabant,2,1897,Helmond
1913,Hengelo,Overijssel,1,1897,Enschede
1913,Hengelo,Overijssel,1,1897,Zutphen
1913,Hillegom,Zuid-Holland,2,1897,Haarlemmermeer
1913,Hilversum,Noord-Holland,3,1897,Hilversum
1913,Hoogezand-,Groningen,3,1897,NA
1913,Hoorn,Noord-Holland,1,1897,Hoorn
1913,Huizen,Noord-Holland,1,1897,Hilversum
1913,Katwijk,Zuid-Holland,1,1897,Katwijk
1913,Krimpen ad Ijssel,Zuid-Holland,1,1897,NA
1913,Krommenie,Noord-Holland,2,1897,Beverwijk
1913,Langedijk,Noord-Holland,1,1897,NA
1913,Leek,Groningen,1,1897,Zuidhorn
1913,Leerdam,Zuid-Holland,2,1897,Sliedrecht
1913,Leeuwarden,Friesland,4,1897,Leeuwarden
1913,Leiden,Zuid-Holland,4,1897,Leiden
1913,Leiderdorp,Zuid-Holland,1,1897,Katwijk
1913,Lienden,Gelderland,1,1897,Tiel
1913,Limmen,Noord-Holland,1,1897,Beverwijk
1913,Loon op Zand,Noord-Brabant,1,1897,Oosterhout
1913,Loppersum,Groningen,1,1897,Appingedam
1913,Maarssen,Utrecht,1,1897,Breukelen
1913,Maassluis,Zuid-Holland,2,1897,Loosduinen
1913,Maastricht,Limburg,3,1897,Maastricht
1913,Meeden,Groningen,1,1897,Veendam
1913,Meppel,Drenthe,1,1897,Meppel
1913,Middelburg,Zeeland,1,1897,Middelburg
1913,Midwolda,Groningen,1,1897,Winschoten
1913,Montfoort,Utrecht,2,1897,Wijk bij Duurstede
1913,Muntendam,Groningen,2,1897,Veendam
1913,Naaldwijk,Zuid-Holland,1,1897,Loosduinen
1913,Nieuwenhoorn,Zuid-Holland,1,1897,Brielle
1913,Nieuwerker,Zeeland,3,1897,NA
1913,Nieuwolda,Groningen,2,1897,Winschoten
1913,Nijmegen,Gelderland,1,1897,Nijmegen
1913,Noordbroek,Groningen,1,1897,Winschoten
1913,Odoorn,Drenthe,2,1897,Emmen
1913,Oisterwijk,Noord-Brabant,3,1897,Tilburg
1913,Oldenzaal,Overijssel,3,1897,Enschede
1913,Onstwedde,Groningen,3,1897,Veendam
1913,Oosterhess,Drenthe,1,1897,NA
1913,Ooststellingwerf,Friesland,1,1897,Weststellingwerf
1913,Oss,Noord-Brabant,2,1897,Grave
1913,Oud-Beijer,Zuid-Holland,1,1897,NA
1913,Ouder-Amstel,Noord-Holland,4,1897,Hilversum
1913,Pekela,Groningen,4,1897,NA
1913,Pernis,Zuid-Holland,1,1897,Brielle
1913,Renkum,Gelderland,4,1897,Elst
1913,Rheden,Gelderland,2,1897,Rheden
1913,Roden,Drenthe,1,1897,Assen
1913,Rotterdam,Zuid-Holland,44,1897,Rotterdam
1913,Sappemeer,Groningen,1,1897,Veendam
1913,Schagen,Noord-Holland,1,1897,Alkmaar
1913,Schiedam,Zuid-Holland,7,1897,Schiedam
1913,Sleen,Drenthe,4,1897,Emmen
1913,Slochteren,Groningen,4,1897,Hoogezand
1913,Sloten,Noord-Holland,3,1897,Sneek
1913,Sloten,Noord-Holland,3,1897,Haarlemmermeer
1913,Smilde,Drenthe,1,1897,Weststellingwerf
1913,Sneek,Friesland,2,1897,Sneek
1913,Steenwijk,Overijssel,3,1897,Steenwijk
1913,Steenwijkerwold,Overijssel,1,1897,Steenwijk
1913,Stratum,Noord-Brabant,1,1897,Eindhoven
1913,Termunten,Groningen,4,1897,Winschoten
1913,Tiel,Noord-Brabant,3,1897,Tiel
1913,Tilburg,Noord-Brabant,11,1897,Tilburg
1913,Uithoorn,Noord-Holland,1,1897,Haarlemmermeer
1913,Utrecht,Utrecht,4,1897,Utrecht
1913,Valkenswaard,Noord-Brabant,1,1897,Eindhoven
1913,Veendam,Groningen,6,1897,Veendam
1913,Veldhoven,Noord-Brabant,1,1897,Eindhoven
1913,Velsen,Noord-Holland,3,1897,Beverwijk
1913,Vlaardingen,Zuid-Holland,5,1897,Schiedam
1913,Vlagtwedde,Groningen,2,1897,Veendam
1913,Vriezenveen,Overijssel,2,1897,Ommen
1913,Wageningen,Gelderland,1,1897,Elst
1913,Warffum,Groningen,1,1897,Appingedam
1913,Wedde,Groningen,2,1897,Winschoten
1913,Weesp,Noord-Holland,2,1897,Hilversum
1913,Weststellingwerf,Friesland,3,1897,Weststellingwerf
1913,Wijchen,Gelderland,1,1897,Druten
1913,Wijhe,Overijssel,1,1897,Zwolle
1913,Wildervank,Groningen,4,1897,Assen
1913,Winschoten,Groningen,1,1897,Winschoten
1913,Zaandam,Noord-Holland,7,1897,Zaandam
1913,Zaandijk,Noord-Holland,1,1897,Zaandam
1913,Zeist,Utrecht,2,1897,Amersfoort
1913,Zoeterwoude,Zuid-Holland,1,1897,Katwijk
1913,Zwolle,Overijssel,3,1897,Zwolle
1914,Alkmaar,Noord-Holland,1,1897,Alkmaar
1914,Almelo,Overijssel,2,1897,Almelo
1914,Amersfoort,Utrecht,5,1897,Amersfoort
1914,Amsterdam,Noord-Holland,67,1897,Amsterdam
1914,Apeldoorn,Gelderland,2,1897,Apeldoorn
1914,Appingedam,Groningen,1,1897,Appingedam
1914,Arnhem,Gelderland,3,1897,Arnhem
1914,Beerta,Groningen,2,1897,Winschoten
1914,Bergen op Zoom,Noord-Brabant,1,1897,Bergen op Zoom
1914,Bierum,Groningen,1,1897,Appingedam
1914,Bolsward,Friesland,1,1897,Harlingen
1914,Borger,Drenthe,5,1897,Emmen
1914,Borne,Overijssel,1,1897,Almelo
1914,Boxmeer,Noord-Brabant,1,1897,Grave
1914,Boxtel,Noord-Brabant,1,1897,Den Bosch
1914,Breda,Noord-Brabant,3,1897,Breda
1914,Bussum,Noord-Holland,1,1897,Hilversum
1914,Culemborg,Gelderland,1,1897,Wijk bij Duurstede
1914,Dalfsen,Overijssel,1,1897,Zwolle
1914,Den Bosch,Noord-Brabant,5,1897,Den Bosch
1914,Den Haag,Zuid-Holland,12,1897,Den Haag
1914,Deventer,Overijssel,10,1897,Deventer
1914,Dodewaard,Gelderland,1,1897,Tiel
1914,Doorn,Utrecht,1,1897,Amersfoort
1914,Dordrecht,Zuid-Holland,6,1897,Dordrecht
1914,Ede,Gelderland,1,1897,Ede
1914,Eindhoven,Noord-Brabant,3,1897,Eindhoven
1914,Emmen,Drenthe,4,1897,Emmen
1914,Enschede,Overijssel,7,1897,Enschede
1914,Franeker,Friesland,1,1897,Franeker
1914,Geertruidenberg,Noord-Brabant,2,1897,Zevenbergen
1914,Geldrop,Noord-Brabant,1,1897,Helmond
1914,Gorinchem,Zuid-Holland,1,1897,Gorinchem
1914,Gouda,Zuid-Holland,7,1897,Gouda
1914,Groningen,Groningen,6,1897,Groningen
1914,Haarlem,Noord-Holland,8,1897,Haarlem
1914,Haren,Groningen,2,1897,Hoogezand
1914,Harlingen,Friesland,5,1897,Harlingen
1914,Haskerland,Friesland,2,1897,Schoterland
1914,Heerenveen,Friesland,5,1897,NA
1914,Helmond,Noord-Brabant,1,1897,Helmond
1914,Hengelo,Overijssel,1,1897,Enschede
1914,Hengelo,Overijssel,1,1897,Zutphen
1914,Heusden,Noord-Brabant,1,1897,Waalwijk
1914,Hilversum,Noord-Holland,1,1897,Hilversum
1914,Hoogezand-,Groningen,3,1897,NA
1914,Hoogkerk,Groningen,1,1897,Zuidhorn
1914,Hoorn,Noord-Holland,1,1897,Hoorn
1914,Idaarderadeel,Friesland,1,1897,Leeuwarden
1914,Krommenie,Noord-Holland,1,1897,Beverwijk
1914,Leeuwarden,Friesland,2,1897,Leeuwarden
1914,Leiden,Zuid-Holland,8,1897,Leiden
1914,Lisse,Zuid-Holland,1,1897,Haarlemmermeer
1914,Maastricht,Limburg,4,1897,Maastricht
1914,Meppel,Drenthe,2,1897,Meppel
1914,Middelburg,Zeeland,1,1897,Middelburg
1914,Midwolda,Groningen,2,1897,Winschoten
1914,Muntendam,Groningen,1,1897,Veendam
1914,Nieuwolda,Groningen,1,1897,Winschoten
1914,Nijmegen,Gelderland,2,1897,Nijmegen
1914,Noordbroek,Groningen,1,1897,Winschoten
1914,Noorddijk,Groningen,1,1897,Hoogezand
1914,Noordwijkerhout,Zuid-Holland,3,1897,Katwijk
1914,Odoorn,Drenthe,3,1897,Emmen
1914,Onstwedde,Groningen,3,1897,Veendam
1914,Ooststelli,Friesland,3,1897,NA
1914,Oostzaan,Noord-Holland,1,1897,Zaandam
1914,Opsterland,Friesland,3,1897,Schoterland
1914,Oss,Noord-Brabant,1,1897,Grave
1914,Pekela,Groningen,1,1897,NA
1914,Renkum,Gelderland,1,1897,Elst
1914,Reusel,Noord-Brabant,1,1897,Eindhoven
1914,Rheden,Gelderland,1,1897,Rheden
1914,Rijswijk,Zuid-Holland,2,1897,Gorinchem
1914,Rijswijk,Zuid-Holland,2,1897,Loosduinen
1914,Rilland-Bath,Zeeland,1,1897,Hontenisse
1914,Rotterdam,Zuid-Holland,28,1897,Rotterdam
1914,Ruinen,Drenthe,1,1897,Meppel
1914,Scheemda,Groningen,2,1897,Winschoten
1914,Scherpenzeel,Gelderland,1,1897,Ede
1914,Schiedam,Zuid-Holland,6,1897,Schiedam
1914,Schoten,Noord-Holland,1,1897,Beverwijk
1914,Sleen,Drenthe,2,1897,Emmen
1914,Slochteren,Groningen,1,1897,Hoogezand
1914,Sloten,Noord-Holland,3,1897,Sneek
1914,Sloten,Noord-Holland,3,1897,Haarlemmermeer
1914,Smallingerland,Friesland,2,1897,Tietjerksteradeel
1914,Steenwijkerwold,Overijssel,1,1897,Steenwijk
1914,Stellendam,Zuid-Holland,1,1897,Zierikzee
1914,Tegelen,Limburg,1,1897,Venlo
1914,Termunten,Groningen,2,1897,Winschoten
1914,Terneuzen,Zeeland,1,1897,NA
1914,Tiel,Noord-Brabant,1,1897,Tiel
1914,Tilburg,Noord-Brabant,4,1897,Tilburg
1914,Utrecht,Utrecht,3,1897,Utrecht
1914,Veendam,Groningen,5,1897,Veendam
1914,Velsen,Noord-Holland,3,1897,Beverwijk
1914,Vlagtwedde,Groningen,3,1897,Veendam
1914,Vledder,Drenthe,1,1897,Weststellingwerf
1914,Vriezenveen,Overijssel,2,1897,Ommen
1914,Watergraaf,Noord-Holland,1,1897,NA
1914,Wedde,Groningen,2,1897,Winschoten
1914,Weert,Limburg,1,1897,Weert
1914,Weesp,Noord-Holland,1,1897,Hilversum
1914,Weststellingwerf,Friesland,2,1897,Weststellingwerf
1914,Wildervank,Groningen,7,1897,Assen
1914,Winschoten,Groningen,4,1897,Winschoten
1914,Wormerveer,Noord-Holland,1,1897,Zaandam
1914,Woudenberg,Utrecht,1,1897,Amersfoort
1914,Zaandam,Noord-Holland,9,1897,Zaandam
1914,Zaandijk,Noord-Holland,1,1897,Zaandam
1914,Zeist,Utrecht,2,1897,Amersfoort
1914,Zijpe,Noord-Holland,1,1897,NA
1914,Zutphen,Gelderland,1,1897,Zutphen
1914,Zwijndrecht,Zuid-Holland,1,1897,Dordrecht
1914,Zwolle,Overijssel,1,1897,Zwolle
1915,Almelo,Overijssel,2,1897,Almelo
1915,Amersfoort,Utrecht,1,1897,Amersfoort
1915,Amsterdam,Noord-Holland,88,1897,Amsterdam
1915,Arnhem,Gelderland,3,1897,Arnhem
1915,Avereest,Overijssel,1,1897,Meppel
1915,Bloemendaal,Noord-Holland,1,1897,Beverwijk
1915,Borger,Drenthe,2,1897,Emmen
1915,Borne,Overijssel,1,1897,Almelo
1915,Breda,Noord-Brabant,1,1897,Breda
1915,Bussum,Noord-Holland,1,1897,Hilversum
1915,Coevorden,Drenthe,1,1897,Emmen
1915,Delft,Zuid-Holland,3,1897,Delft
1915,Delfzijl,Groningen,1,1897,Appingedam
1915,Den Bosch,Noord-Brabant,2,1897,Den Bosch
1915,Den Haag,Zuid-Holland,17,1897,Den Haag
1915,Den Helder,Noord-Holland,2,1897,NA
1915,Deventer,Overijssel,2,1897,Deventer
1915,Dodewaard,Gelderland,1,1897,Tiel
1915,Echteld,Gelderland,1,1897,Tiel
1915,Eindhoven,Noord-Brabant,3,1897,Eindhoven
1915,Emmen,Drenthe,5,1897,Emmen
1915,Enkhuizen,Noord-Holland,1,1897,Enkhuizen
1915,Enschede,Overijssel,1,1897,Enschede
1915,Franeker,Friesland,1,1897,Franeker
1915,Goedereede,Zuid-Holland,1,1897,Zierikzee
1915,Gorinchem,Zuid-Holland,1,1897,Gorinchem
1915,Gouda,Zuid-Holland,5,1897,Gouda
1915,Gramsbergen,Overijssel,1,1897,Ommen
1915,Groningen,Groningen,9,1897,Groningen
1915,Haarlem,Noord-Holland,5,1897,Haarlem
1915,Haren,Groningen,1,1897,Hoogezand
1915,Harlingen,Friesland,2,1897,Harlingen
1915,Haskerland,Friesland,1,1897,Schoterland
1915,Havelte,Drenthe,3,1897,Weststellingwerf
1915,Heinenoord,Zuid-Holland,1,1897,Ridderkerk
1915,Hellendoorn,Overijssel,1,1897,Ommen
1915,Helmond,Noord-Brabant,1,1897,Helmond
1915,Hengelo,Overijssel,2,1897,Enschede
1915,Hengelo,Overijssel,2,1897,Zutphen
1915,Heusden,Noord-Brabant,2,1897,Waalwijk
1915,Hilversum,Noord-Holland,2,1897,Hilversum
1915,Hoogezand-,Groningen,1,1897,NA
1915,Kerkrade,Limburg,1,1897,Gulpen
1915,Kollumerla,Friesland,1,1897,NA
1915,Koog ad Zaan,Noord-Holland,1,1897,NA
1915,Leiden,Zuid-Holland,9,1897,Leiden
1915,Leiderdorp,Zuid-Holland,1,1897,Katwijk
1915,Maassluis,Zuid-Holland,1,1897,Loosduinen
1915,Maastricht,Limburg,1,1897,Maastricht
1915,Middelhanrnis,Zuid-Holland,1,1897,NA
1915,Midwolda,Groningen,2,1897,Winschoten
1915,Neede,Gelderland,1,1897,Lochem
1915,Nieuwolda,Groningen,1,1897,Winschoten
1915,Noordbroek,Groningen,1,1897,Winschoten
1915,Norg,Drenthe,1,1897,Assen
1915,Odoorn,Drenthe,1,1897,Emmen
1915,Onstwedde,Groningen,1,1897,Veendam
1915,Oost-Soubu,Zeeland,1,1897,NA
1915,Oosterhout,Noord-Brabant,1,1897,Oosterhout
1915,Opsterland,Friesland,1,1897,Schoterland
1915,Pekela,Groningen,3,1897,NA
1915,Raamsdonk,Noord-Brabant,1,1897,Zevenbergen
1915,Rijswijk,Zuid-Holland,2,1897,Gorinchem
1915,Rijswijk,Zuid-Holland,2,1897,Loosduinen
1915,Rolde,Drenthe,3,1897,Assen
1915,Rotterdam,Zuid-Holland,24,1897,Rotterdam
1915,Sappemeer,Groningen,1,1897,Veendam
1915,Schiedam,Zuid-Holland,5,1897,Schiedam
1915,Schoten,Noord-Holland,1,1897,Beverwijk
1915,Sleen,Drenthe,2,1897,Emmen
1915,Sloten,Noord-Holland,1,1897,Sneek
1915,Sloten,Noord-Holland,1,1897,Haarlemmermeer
1915,Smallingerland,Friesland,1,1897,Tietjerksteradeel
1915,Spaarndam,Noord-Holland,1,1897,Beverwijk
1915,Stedum,Groningen,1,1897,Appingedam
1915,Stratum,Noord-Brabant,1,1897,Eindhoven
1915,Tegelen,Limburg,1,1897,Venlo
1915,Tilburg,Noord-Brabant,8,1897,Tilburg
1915,Utrecht,Utrecht,5,1897,Utrecht
1915,Valkenswaard,Noord-Brabant,1,1897,Eindhoven
1915,Velsen,Noord-Holland,9,1897,Beverwijk
1915,Vlaardingen,Zuid-Holland,1,1897,Schiedam
1915,Vlagtwedde,Groningen,4,1897,Veendam
1915,Waalwijk,Noord-Brabant,1,1897,Waalwijk
1915,Wedde,Groningen,1,1897,Winschoten
1915,Weerselo,Overijssel,1,1897,Almelo
1915,Westzaan,Noord-Holland,1,1897,Beverwijk
1915,Wildervank,Groningen,1,1897,Assen
1915,Winschoten,Groningen,1,1897,Winschoten
1915,Wormerveer,Noord-Holland,1,1897,Zaandam
1915,Zaandam,Noord-Holland,9,1897,Zaandam
1915,Zierikzee,Zeeland,1,1897,Zierikzee
1915,Zijpe,Noord-Holland,1,1897,NA
1915,Zoelen,Gelderland,1,1897,Tiel
1915,Zoetermeer,Zuid-Holland,1,1897,Loosduinen
1915,Zoeterwoude,Zuid-Holland,1,1897,Katwijk
1915,Zuidbroek,Groningen,2,1897,Winschoten
1915,Zuilen,Utrecht,1,1897,Breukelen
1915,Zwijndrecht,Zuid-Holland,1,1897,Dordrecht
1915,Zwolle,Overijssel,1,1897,Zwolle
1916,Alblasserdam,Zuid-Holland,1,1897,Sliedrecht
1916,Alkmaar,Noord-Holland,3,1897,Alkmaar
1916,Amersfoort,Utrecht,2,1897,Amersfoort
1916,Amsterdam,Noord-Holland,104,1897,Amsterdam
1916,Anloo,Drenthe,1,1897,NA
1916,Arnhem,Gelderland,5,1897,Arnhem
1916,Assendelft,Noord-Holland,1,1897,Beverwijk
1916,Barneveld,Gelderland,1,1897,Ede
1916,Beerta,Groningen,2,1897,Winschoten
1916,Bellingwolde,Groningen,4,1897,Winschoten
1916,Bergen op Zoom,Noord-Brabant,3,1897,Bergen op Zoom
1916,Beverwijk,Noord-Holland,1,1897,Beverwijk
1916,Bloemendaal,Noord-Holland,1,1897,Beverwijk
1916,Borger,Drenthe,2,1897,Emmen
1916,Breda,Noord-Brabant,3,1897,Breda
1916,Capelle a/d Ijssel,Zuid-Holland,1,1897,NA
1916,Coevorden,Drenthe,2,1897,Emmen
1916,Dalen,Drenthe,3,1897,Emmen
1916,Delft,Zuid-Holland,7,1897,Delft
1916,Den Bosch,Noord-Brabant,5,1897,Den Bosch
1916,Den Haag,Zuid-Holland,28,1897,Den Haag
1916,Den Helder,Noord-Holland,1,1897,NA
1916,Deventer,Overijssel,1,1897,Deventer
1916,Dordrecht,Zuid-Holland,4,1897,Dordrecht
1916,Edam,Noord-Holland,2,1897,Hoorn
1916,Eenrum,Groningen,1,1897,Appingedam
1916,Eindhoven,Noord-Brabant,2,1897,Eindhoven
1916,Emmen,Drenthe,4,1897,Emmen
1916,Enkhuizen,Noord-Holland,1,1897,Enkhuizen
1916,Enschede,Overijssel,5,1897,Enschede
1916,Finsterwolde,Groningen,1,1897,Winschoten
1916,Franeker,Friesland,2,1897,Franeker
1916,Gemert,Noord-Brabant,1,1897,Veghel
1916,Gorinchem,Zuid-Holland,1,1897,Gorinchem
1916,Gouda,Zuid-Holland,6,1897,Gouda
1916,Groningen,Groningen,10,1897,Groningen
1916,Haarlem,Noord-Holland,7,1897,Haarlem
1916,Haarlemmermeer,Noord-Holland,3,1897,Haarlemmermeer
1916,Harderwijk,Overijssel,1,1897,Apeldoorn
1916,Haren,Groningen,1,1897,Hoogezand
1916,Haskerland,Friesland,2,1897,Schoterland
1916,Heerlen,Limburg,1,1897,Gulpen
1916,Helmond,Noord-Brabant,2,1897,Helmond
1916,Hendrik Ido Ambacht,Zuid-Holland,1,1897,NA
1916,Hengelo,Overijssel,3,1897,Enschede
1916,Hengelo,Overijssel,3,1897,Zutphen
1916,Hilversum,Noord-Holland,2,1897,Hilversum
1916,Hoogeveen,Drenthe,1,1897,Meppel
1916,Hoogezand-,Groningen,1,1897,NA
1916,Hoorn,Noord-Holland,2,1897,Hoorn
1916,Huizen,Noord-Holland,2,1897,Hilversum
1916,Jutphaas,Utrecht,1,1897,Wijk bij Duurstede
1916,Kampen,Overijssel,1,1897,Kampen
1916,Katwijk,Zuid-Holland,2,1897,Katwijk
1916,Kollumerla,Friesland,1,1897,NA
1916,Koog ad Zaan,Noord-Holland,2,1897,NA
1916,Leeuwarden,Friesland,2,1897,Leeuwarden
1916,Leiden,Zuid-Holland,3,1897,Leiden
1916,Leiderdorp,Zuid-Holland,1,1897,Katwijk
1916,Lekkerkerk,Zuid-Holland,1,1897,Gouda
1916,Maassluis,Zuid-Holland,2,1897,Loosduinen
1916,Maastricht,Limburg,3,1897,Maastricht
1916,Melissant,Zuid-Holland,1,1897,Zierikzee
1916,Meppel,Drenthe,4,1897,Meppel
1916,Middelburg,Zeeland,2,1897,Middelburg
1916,Middelhanrnis,Zuid-Holland,1,1897,NA
1916,Midwolda,Groningen,1,1897,Winschoten
1916,Mierlo,Noord-Brabant,1,1897,Helmond
1916,Nieuwer Amstel,Noord-Holland,1,1897,NA
1916,Nijkerk,Gelderland,1,1897,Ede
1916,Nijmegen,Gelderland,4,1897,Nijmegen
1916,Noordwijk,Zuid-Holland,1,1897,Katwijk
1916,Odoorn,Drenthe,4,1897,Emmen
1916,Oegstgeest,Zuid-Holland,1,1897,Katwijk
1916,Onstwedde,Groningen,1,1897,Veendam
1916,Ooststelli,Friesland,4,1897,NA
1916,Oostzaan,Noord-Holland,1,1897,Zaandam
1916,Pekela,Groningen,2,1897,NA
1916,Purmerend,Noord-Holland,2,1897,Hoorn
1916,Raamsdonk,Noord-Brabant,1,1897,Zevenbergen
1916,Renkum,Gelderland,1,1897,Elst
1916,Rheden,Gelderland,2,1897,Rheden
1916,Roermond,Limburg,1,1897,Roermond
1916,Roosendaal,Noord-Brabant,1,1897,Bergen op Zoom
1916,Rotterdam,Zuid-Holland,51,1897,Rotterdam
1916,Scheemda,Groningen,1,1897,Winschoten
1916,Scherpenzeel,Gelderland,1,1897,Ede
1916,Schiedam,Zuid-Holland,16,1897,Schiedam
1916,Sliedrecht,Zuid-Holland,2,1897,Sliedrecht
1916,Sloten,Noord-Holland,3,1897,Sneek
1916,Sloten,Noord-Holland,3,1897,Haarlemmermeer
1916,Smilde,Drenthe,1,1897,Weststellingwerf
1916,Sneek,Friesland,2,1897,Sneek
1916,Sommelsdijk,Zuid-Holland,1,1897,Zierikzee
1916,Steenderen,Gelderland,1,1897,Zutphen
1916,Steenwijkerwold,Overijssel,1,1897,Steenwijk
1916,Stellendam,Zuid-Holland,1,1897,Zierikzee
1916,Swalmen,Limburg,1,1897,Roermond
1916,Termunten,Groningen,1,1897,Winschoten
1916,Texel,Noord-Holland,1,1897,Den Helder
1916,Tiel,Noord-Brabant,4,1897,Tiel
1916,Tilburg,Noord-Brabant,6,1897,Tilburg
1916,Uden,Noord-Brabant,1,1897,Veghel
1916,Usquert,Groningen,1,1897,Appingedam
1916,Utrecht,Utrecht,10,1897,Utrecht
1916,Veendam,Groningen,4,1897,Veendam
1916,Velsen,Noord-Holland,7,1897,Beverwijk
1916,Vlaardingen,Zuid-Holland,5,1897,Schiedam
1916,Vlagtwedde,Groningen,5,1897,Veendam
1916,Vlissingen,Zeeland,5,1897,Middelburg
1916,Vuren,Gelderland,1,1897,Gorinchem
1916,Waalwijk,Noord-Brabant,2,1897,Waalwijk
1916,Waddinxveen,Zuid-Holland,1,1897,Gouda
1916,Wamel,Gelderland,2,1897,Druten
1916,Watergraaf,Noord-Holland,1,1897,NA
1916,Weststellingwerf,Friesland,2,1897,Weststellingwerf
1916,Wierden,Overijssel,1,1897,Almelo
1916,Wildervank,Groningen,4,1897,Assen
1916,Winschoten,Groningen,2,1897,Winschoten
1916,Woensel,Noord-Brabant,1,1897,Eindhoven
1916,Wormerveer,Noord-Holland,7,1897,Zaandam
1916,Woudenberg,Utrecht,1,1897,Amersfoort
1916,Zaandam,Noord-Holland,12,1897,Zaandam
1916,Zaandijk,Noord-Holland,1,1897,Zaandam
1916,Zierikzee,Zeeland,1,1897,Zierikzee
1916,Zijpe,Noord-Holland,1,1897,NA
1916,Zuilen,Utrecht,1,1897,Breukelen
1916,Zutphen,Gelderland,3,1897,Zutphen
1916,Zwijndrecht,Zuid-Holland,1,1897,Dordrecht
1916,Zwolle,Overijssel,3,1897,Zwolle
1917,Aalsmeer,Noord-Holland,1,1897,Haarlemmermeer
1917,Alkmaar,Noord-Holland,4,1897,Alkmaar
1917,Almelo,Overijssel,1,1897,Almelo
1917,Amersfoort,Utrecht,3,1897,Amersfoort
1917,Amsterdam,Noord-Holland,70,1897,Amsterdam
1917,Angerlo,Gelderland,1,1897,Rheden
1917,Apeldoorn,Gelderland,1,1897,Apeldoorn
1917,Arnhem,Gelderland,5,1897,Arnhem
1917,Beemster,Noord-Holland,1,1897,Hoorn
1917,Beerta,Groningen,1,1897,Winschoten
1917,Bellingwedde,Groningen,1,1897,NA
1917,Bellingwolde,Groningen,1,1897,Winschoten
1917,Bergen op Zoom,Noord-Brabant,2,1897,Bergen op Zoom
1917,"Bildt, Het",Friesland,1,1897,NA
1917,Borger,Drenthe,2,1897,Emmen
1917,Breda,Noord-Brabant,1,1897,Breda
1917,Capelle a/d Ijssel,Zuid-Holland,1,1897,NA
1917,Castricum,Noord-Holland,1,1897,Beverwijk
1917,Culemborg,Gelderland,1,1897,Wijk bij Duurstede
1917,Delft,Zuid-Holland,7,1897,Delft
1917,Delfzijl,Groningen,1,1897,Appingedam
1917,Den Bosch,Noord-Brabant,3,1897,Den Bosch
1917,Den Haag,Zuid-Holland,42,1897,Den Haag
1917,Deventer,Overijssel,1,1897,Deventer
1917,Doesburg,Gelderland,1,1897,Zutphen
1917,Doetinchem,Gelderland,1,1897,NA
1917,Dordrecht,Zuid-Holland,9,1897,Dordrecht
1917,Drunen,Noord-Brabant,1,1897,Waalwijk
1917,Eindhoven,Noord-Brabant,3,1897,Eindhoven
1917,Emmen,Drenthe,5,1897,Emmen
1917,Enschede,Overijssel,2,1897,Enschede
1917,Epe,Gelderland,1,1897,Apeldoorn
1917,Eygelshove,Limburg,1,1897,NA
1917,Finsterwolde,Groningen,4,1897,Winschoten
1917,Geertruidenberg,Noord-Brabant,1,1897,Zevenbergen
1917,Gieten,Drenthe,1,1897,Assen
1917,Gilze en Rijen,Noord-Brabant,1,1897,NA
1917,Gorinchem,Zuid-Holland,2,1897,Gorinchem
1917,Gouda,Zuid-Holland,4,1897,Gouda
1917,Groningen,Groningen,10,1897,Groningen
1917,Haarlem,Noord-Holland,4,1897,Haarlem
1917,Haarlemmermeer,Noord-Holland,2,1897,Haarlemmermeer
1917,Harderwijk,Overijssel,2,1897,Apeldoorn
1917,Hardinksveld,Zuid-Holland,2,1897,NA
1917,Haren,Groningen,1,1897,Hoogezand
1917,Haskerland,Friesland,1,1897,Schoterland
1917,Helmond,Noord-Brabant,1,1897,Helmond
1917,Herten,Limburg,1,1897,Roermond
1917,Herwen Aerdt,Gelderland,1,1897,NA
1917,Hilversum,Noord-Holland,6,1897,Hilversum
1917,Hoogeveen,Drenthe,2,1897,Meppel
1917,Hoogezand-,Groningen,1,1897,NA
1917,Huissen,Gelderland,1,1897,Rheden
1917,Kampen,Overijssel,1,1897,Kampen
1917,Kockengen,Utrecht,1,1897,Breukelen
1917,Koudekerke,Zeeland,1,1897,Middelburg
1917,Leeuwarden,Friesland,1,1897,Leeuwarden
1917,Leiden,Zuid-Holland,12,1897,Leiden
1917,Leidschendam,Zuid-Holland,1,1897,NA
1917,Leusden,Utrecht,1,1897,Amersfoort
1917,Lochem,Gelderland,1,1897,Lochem
1917,Loon op Zand,Noord-Brabant,2,1897,Oosterhout
1917,Maarssen,Utrecht,1,1897,Breukelen
1917,Maastricht,Limburg,6,1897,Maastricht
1917,Meeden,Groningen,1,1897,Veendam
1917,Meppel,Drenthe,2,1897,Meppel
1917,Middelburg,Zeeland,3,1897,Middelburg
1917,Millingen,Gelderland,1,1897,Nijmegen
1917,Muntendam,Groningen,1,1897,Veendam
1917,Nieuwleusen,Overijssel,1,1897,Steenwijk
1917,Nijmegen,Gelderland,4,1897,Nijmegen
1917,Odoorn,Drenthe,4,1897,Emmen
1917,Oisterwijk,Noord-Brabant,1,1897,Tilburg
1917,Onstwedde,Groningen,1,1897,Veendam
1917,Oosterhout,Noord-Brabant,1,1897,Oosterhout
1917,Ooststelli,Friesland,1,1897,NA
1917,Oostzaan,Noord-Holland,1,1897,Zaandam
1917,Opsterland,Friesland,1,1897,Schoterland
1917,Oss,Noord-Brabant,1,1897,Grave
1917,Pekela,Groningen,3,1897,NA
1917,Purmerend,Noord-Holland,7,1897,Hoorn
1917,Raamsdonk,Noord-Brabant,1,1897,Zevenbergen
1917,Rilland-Bath,Zeeland,1,1897,Hontenisse
1917,Rotterdam,Zuid-Holland,58,1897,Rotterdam
1917,Scheemda,Groningen,1,1897,Winschoten
1917,Schiedam,Zuid-Holland,9,1897,Schiedam
1917,Sleen,Drenthe,1,1897,Emmen
1917,Slochteren,Groningen,1,1897,Hoogezand
1917,Sloten,Noord-Holland,1,1897,Sneek
1917,Sloten,Noord-Holland,1,1897,Haarlemmermeer
1917,Smallingerland,Friesland,1,1897,Tietjerksteradeel
1917,Soest,Utrecht,1,1897,Amersfoort
1917,Steenwijk,Overijssel,1,1897,Steenwijk
1917,Stratum,Noord-Brabant,1,1897,Eindhoven
1917,Ten Boer,Groningen,1,1897,Hoogezand
1917,Terneuzen,Zeeland,2,1897,NA
1917,Tiel,Noord-Brabant,1,1897,Tiel
1917,Tilburg,Noord-Brabant,6,1897,Tilburg
1917,Utrecht,Utrecht,9,1897,Utrecht
1917,Veendam,Groningen,3,1897,Veendam
1917,Velsen,Noord-Holland,3,1897,Beverwijk
1917,Venlo,Limburg,1,1897,Venlo
1917,Vlagtwedde,Groningen,2,1897,Veendam
1917,Vlissingen,Zeeland,1,1897,Middelburg
1917,Warffum,Groningen,1,1897,Appingedam
1917,Watergraaf,Noord-Holland,1,1897,NA
1917,Wedde,Groningen,1,1897,Winschoten
1917,Westerbork,Drenthe,1,1897,Emmen
1917,Weststellingwerf,Friesland,1,1897,Weststellingwerf
1917,Wildervank,Groningen,5,1897,Assen
1917,Winkel,Noord-Holland,1,1897,Enkhuizen
1917,Winschoten,Groningen,1,1897,Winschoten
1917,Woensel,Noord-Brabant,1,1897,Eindhoven
1917,Zaandam,Noord-Holland,6,1897,Zaandam
1917,Zeist,Utrecht,1,1897,Amersfoort
1917,Zevenaar,Gelderland,1,1897,Rheden
1917,Zijpe,Noord-Holland,2,1897,NA
1917,Zoeterwoude,Zuid-Holland,1,1897,Katwijk
1917,Zuidbroek,Groningen,1,1897,Winschoten
1917,Zuilen,Utrecht,1,1897,Breukelen
1917,Zwolle,Overijssel,5,1897,Zwolle
1918,Alkmaar,Noord-Holland,5,1897,Alkmaar
1918,Almelo,Overijssel,4,1897,Almelo
1918,Amersfoort,Utrecht,6,1897,Amersfoort
1918,Amsterdam,Noord-Holland,56,1897,Amsterdam
1918,Andijk,Noord-Holland,1,1897,Enkhuizen
1918,Angerlo,Gelderland,1,1897,Rheden
1918,Apeldoorn,Gelderland,2,1897,Apeldoorn
1918,Arnhem,Gelderland,3,1897,Arnhem
1918,Assen,Drenthe,2,1897,Assen
1918,Baarn,Utrecht,1,1897,Amersfoort
1918,Bellingwedde,Groningen,1,1897,NA
1918,Bellingwolde,Groningen,2,1897,Winschoten
1918,Beverwijk,Noord-Holland,2,1897,Beverwijk
1918,"Bilt, De",Utrecht,1,1897,NA
1918,Bloemendaal,Noord-Holland,1,1897,Beverwijk
1918,Borger,Drenthe,3,1897,Emmen
1918,Borger-Odoorn,Drenthe,1,1897,NA
1918,Born,Limburg,1,1897,Sittard
1918,Breukelen,Utrecht,1,1897,NA
1918,Brunssum,Limburg,1,1897,Sittard
1918,Bussum,Noord-Holland,2,1897,Hilversum
1918,Castricum,Noord-Holland,1,1897,Beverwijk
1918,Coevorden,Drenthe,4,1897,Emmen
1918,Dalen,Drenthe,2,1897,Emmen
1918,Delft,Zuid-Holland,7,1897,Delft
1918,Delfzijl,Groningen,1,1897,Appingedam
1918,Den Bosch,Noord-Brabant,3,1897,Den Bosch
1918,Den Haag,Zuid-Holland,30,1897,Den Haag
1918,Deventer,Overijssel,4,1897,Deventer
1918,Dodewaard,Gelderland,1,1897,Tiel
1918,Doorwerth,Gelderland,1,1897,Elst
1918,Dordrecht,Zuid-Holland,8,1897,Dordrecht
1918,Dreischor,Zeeland,1,1897,Zierikzee
1918,Drunen,Noord-Brabant,1,1897,Waalwijk
1918,Ede,Gelderland,2,1897,Ede
1918,Emmen,Drenthe,19,1897,Emmen
1918,Enschede,Overijssel,4,1897,Enschede
1918,Etten en Leur,Noord-Brabant,2,1897,Breda
1918,Gorinchem,Zuid-Holland,1,1897,Gorinchem
1918,Gouda,Zuid-Holland,4,1897,Gouda
1918,Gramsbergen,Overijssel,1,1897,Ommen
1918,Groningen,Groningen,20,1897,Groningen
1918,Haarlem,Noord-Holland,4,1897,Haarlem
1918,Haarlemmermeer,Noord-Holland,1,1897,Haarlemmermeer
1918,Hardenberg,Overijssel,1,1897,NA
1918,Harderwijk,Overijssel,1,1897,Apeldoorn
1918,Haren,Groningen,1,1897,Hoogezand
1918,Harlingen,Friesland,1,1897,Harlingen
1918,Heemstede,Noord-Holland,1,1897,Haarlemmermeer
1918,Heerlen,Limburg,1,1897,Gulpen
1918,Hengelo,Overijssel,3,1897,Enschede
1918,Hengelo,Overijssel,3,1897,Zutphen
1918,Herwen Aerdt,Gelderland,1,1897,NA
1918,Herwijnen,Gelderland,1,1897,Gorinchem
1918,Hillegom,Zuid-Holland,2,1897,Haarlemmermeer
1918,Hilligersberg,Zuid-Holland,1,1897,NA
1918,Hilvarenbeek,Noord-Brabant,1,1897,Tilburg
1918,Hilversum,Noord-Holland,9,1897,Hilversum
1918,Hoogeveen,Drenthe,5,1897,Meppel
1918,Hoogezand-,Groningen,2,1897,NA
1918,Hoogezand-Sappemeer,Groningen,1,1897,NA
1918,Houten,Utrecht,1,1897,Wijk bij Duurstede
1918,Ijsselstein,Utrecht,2,1897,NA
1918,Kampen,Overijssel,1,1897,Kampen
1918,Kerkwijk,Gelderland,1,1897,Druten
1918,Klundert,Noord-Brabant,1,1897,Zevenbergen
1918,Kruiningen,Zeeland,1,1897,Hontenisse
1918,Leiden,Zuid-Holland,8,1897,Leiden
1918,Leidschendam,Zuid-Holland,2,1897,NA
1918,Lienden,Gelderland,1,1897,Tiel
1918,Lisse,Zuid-Holland,1,1897,Haarlemmermeer
1918,Maastricht,Limburg,2,1897,Maastricht
1918,Monster,Zuid-Holland,1,1897,Loosduinen
1918,Muiden,Noord-Holland,1,1897,Hilversum
1918,Naarden,Noord-Holland,1,1897,Hilversum
1918,Noordbroek,Groningen,1,1897,Winschoten
1918,Noordwijk,Zuid-Holland,1,1897,Katwijk
1918,Noordwijkerhout,Zuid-Holland,2,1897,Katwijk
1918,Odoorn,Drenthe,5,1897,Emmen
1918,Oldenzaal,Overijssel,2,1897,Enschede
1918,Onstwedde,Groningen,5,1897,Veendam
1918,Opsterland,Friesland,1,1897,Schoterland
1918,Ouder-Amstel,Noord-Holland,1,1897,Hilversum
1918,Overschie,Zuid-Holland,1,1897,Schiedam
1918,Pekela,Groningen,2,1897,NA
1918,Renkum,Gelderland,2,1897,Elst
1918,Rheden,Gelderland,2,1897,Rheden
1918,Rotterdam,Zuid-Holland,46,1897,Rotterdam
1918,Sappemeer,Groningen,3,1897,Veendam
1918,Scheemda,Groningen,3,1897,Winschoten
1918,Schiedam,Zuid-Holland,1,1897,Schiedam
1918,Schoonhoven,Zuid-Holland,1,1897,Bodegraven
1918,Sittard,Limburg,2,1897,Sittard
1918,Sleen,Drenthe,1,1897,Emmen
1918,Slochteren,Groningen,2,1897,Hoogezand
1918,Sneek,Friesland,1,1897,Sneek
1918,Spaarndam,Noord-Holland,4,1897,Beverwijk
1918,Stellendam,Zuid-Holland,1,1897,Zierikzee
1918,Tegelen,Limburg,1,1897,Venlo
1918,Termunten,Groningen,3,1897,Winschoten
1918,Tholen,Zeeland,1,1897,Goes
1918,Tiel,Noord-Brabant,2,1897,Tiel
1918,Tilburg,Noord-Brabant,1,1897,Tilburg
1918,Tubbergen,Overijssel,1,1897,Almelo
1918,Utrecht,Utrecht,7,1897,Utrecht
1918,Veendam,Groningen,1,1897,Veendam
1918,Velsen,Noord-Holland,7,1897,Beverwijk
1918,Vlaardingen,Zuid-Holland,3,1897,Schiedam
1918,Vlagtwedde,Groningen,3,1897,Veendam
1918,Vlissingen,Zeeland,1,1897,Middelburg
1918,Voorburg,Zuid-Holland,4,1897,Loosduinen
1918,Voorhout,Zuid-Holland,1,1897,Katwijk
1918,Vreeswijk,Utrecht,1,1897,Wijk bij Duurstede
1918,Vuren,Gelderland,3,1897,Gorinchem
1918,Wassenaar,Zuid-Holland,1,1897,Katwijk
1918,Watergraaf,Noord-Holland,2,1897,NA
1918,Wedde,Groningen,1,1897,Winschoten
1918,Weesp,Noord-Holland,1,1897,Hilversum
1918,Weesperkarspel,Noord-Holland,1,1897,Hilversum
1918,Westdonger,Friesland,1,1897,NA
1918,Westdongeradeel,Friesland,1,1897,Dokkum
1918,Westerbork,Drenthe,1,1897,Emmen
1918,Weststellingwerf,Friesland,2,1897,Weststellingwerf
1918,Wildervank,Groningen,5,1897,Assen
1918,Winschoten,Groningen,2,1897,Winschoten
1918,Wormerveer,Noord-Holland,3,1897,Zaandam
1918,Zaandam,Noord-Holland,10,1897,Zaandam
1918,Zuidbroek,Groningen,1,1897,Winschoten
1918,Zutphen,Gelderland,1,1897,Zutphen
1918,Zwijndrecht,Zuid-Holland,1,1897,Dordrecht
1918,Zwolle,Overijssel,1,1897,Zwolle
